Time,Node,Interface,Type,Packets,Kilobytes,PacketsRaw,KilobytesRaw
0.5,rtr-1,combined,Drop,0,0,0,0
0.5,rtr-2,combined,Drop,0,0,0,0
0.5,rtr-3,combined,Drop,0,0,0,0
0.5,rtr-4,combined,Drop,0,0,0,0
0.5,rtr-5,combined,Drop,0,0,0,0
0.5,rtr-6,combined,Drop,0,0,0,0
0.5,rtr-7,combined,Drop,0,0,0,0
0.5,rtr-8,combined,Drop,0,0,0,0
0.5,rtr-9,combined,Drop,0,0,0,0
0.5,rtr-10,combined,Drop,0,0,0,0
0.5,rtr-11,combined,Drop,0,0,0,0
0.5,rtr-12,combined,Drop,0,0,0,0
0.5,rtr-13,combined,Drop,0,0,0,0
0.5,rtr-14,combined,Drop,0,0,0,0
0.5,rtr-15,combined,Drop,0,0,0,0
0.5,rtr-16,combined,Drop,0,0,0,0
0.5,rtr-17,combined,Drop,0,0,0,0
0.5,rtr-18,combined,Drop,0,0,0,0
0.5,rtr-19,combined,Drop,0,0,0,0
0.5,rtr-20,combined,Drop,0,0,0,0
0.5,rtr-21,combined,Drop,0,0,0,0
0.5,rtr-22,combined,Drop,0,0,0,0
0.5,rtr-23,combined,Drop,0,0,0,0
0.5,rtr-24,combined,Drop,0,0,0,0
0.5,rtr-25,combined,Drop,0,0,0,0
0.5,rtr-26,combined,Drop,0,0,0,0
0.5,rtr-27,combined,Drop,0,0,0,0
0.5,rtr-28,combined,Drop,0,0,0,0
0.5,rtr-29,combined,Drop,0,0,0,0
0.5,rtr-30,combined,Drop,0,0,0,0
0.5,rtr-31,combined,Drop,0,0,0,0
0.5,rtr-32,combined,Drop,0,0,0,0
0.5,rtr-33,combined,Drop,0,0,0,0
0.5,rtr-34,combined,Drop,0,0,0,0
0.5,rtr-35,combined,Drop,0,0,0,0
0.5,rtr-36,combined,Drop,0,0,0,0
0.5,rtr-37,combined,Drop,0,0,0,0
1,rtr-1,combined,Drop,0,0,0,0
1,rtr-2,combined,Drop,0,0,0,0
1,rtr-3,combined,Drop,0,0,0,0
1,rtr-4,combined,Drop,0,0,0,0
1,rtr-5,combined,Drop,0,0,0,0
1,rtr-6,combined,Drop,0,0,0,0
1,rtr-7,combined,Drop,0,0,0,0
1,rtr-8,combined,Drop,0,0,0,0
1,rtr-9,combined,Drop,0,0,0,0
1,rtr-10,combined,Drop,0,0,0,0
1,rtr-11,combined,Drop,0,0,0,0
1,rtr-12,combined,Drop,0,0,0,0
1,rtr-13,combined,Drop,0,0,0,0
1,rtr-14,combined,Drop,0,0,0,0
1,rtr-15,combined,Drop,0,0,0,0
1,rtr-16,combined,Drop,0,0,0,0
1,rtr-17,combined,Drop,0,0,0,0
1,rtr-18,combined,Drop,0,0,0,0
1,rtr-19,combined,Drop,0,0,0,0
1,rtr-20,combined,Drop,0,0,0,0
1,rtr-21,combined,Drop,0,0,0,0
1,rtr-22,combined,Drop,0,0,0,0
1,rtr-23,combined,Drop,0,0,0,0
1,rtr-24,combined,Drop,0,0,0,0
1,rtr-25,combined,Drop,0,0,0,0
1,rtr-26,combined,Drop,0,0,0,0
1,rtr-27,combined,Drop,0,0,0,0
1,rtr-28,combined,Drop,0,0,0,0
1,rtr-29,combined,Drop,0,0,0,0
1,rtr-30,combined,Drop,0,0,0,0
1,rtr-31,combined,Drop,0,0,0,0
1,rtr-32,combined,Drop,0,0,0,0
1,rtr-33,combined,Drop,0,0,0,0
1,rtr-34,combined,Drop,0,0,0,0
1,rtr-35,combined,Drop,0,0,0,0
1,rtr-36,combined,Drop,0,0,0,0
1,rtr-37,combined,Drop,0,0,0,0
1.5,rtr-1,combined,Drop,0,0,0,0
1.5,rtr-2,combined,Drop,0,0,0,0
1.5,rtr-3,combined,Drop,0,0,0,0
1.5,rtr-4,combined,Drop,0,0,0,0
1.5,rtr-5,combined,Drop,0,0,0,0
1.5,rtr-6,combined,Drop,0,0,0,0
1.5,rtr-7,combined,Drop,0,0,0,0
1.5,rtr-8,combined,Drop,0,0,0,0
1.5,rtr-9,combined,Drop,0,0,0,0
1.5,rtr-10,combined,Drop,0,0,0,0
1.5,rtr-11,combined,Drop,0,0,0,0
1.5,rtr-12,combined,Drop,0,0,0,0
1.5,rtr-13,combined,Drop,0,0,0,0
1.5,rtr-14,combined,Drop,0,0,0,0
1.5,rtr-15,combined,Drop,0,0,0,0
1.5,rtr-16,combined,Drop,0,0,0,0
1.5,rtr-17,combined,Drop,0,0,0,0
1.5,rtr-18,combined,Drop,0,0,0,0
1.5,rtr-19,combined,Drop,0,0,0,0
1.5,rtr-20,combined,Drop,0,0,0,0
1.5,rtr-21,combined,Drop,0,0,0,0
1.5,rtr-22,combined,Drop,0,0,0,0
1.5,rtr-23,combined,Drop,0,0,0,0
1.5,rtr-24,combined,Drop,0,0,0,0
1.5,rtr-25,combined,Drop,0,0,0,0
1.5,rtr-26,combined,Drop,0,0,0,0
1.5,rtr-27,combined,Drop,0,0,0,0
1.5,rtr-28,combined,Drop,0,0,0,0
1.5,rtr-29,combined,Drop,0,0,0,0
1.5,rtr-30,combined,Drop,0,0,0,0
1.5,rtr-31,combined,Drop,0,0,0,0
1.5,rtr-32,combined,Drop,0,0,0,0
1.5,rtr-33,combined,Drop,0,0,0,0
1.5,rtr-34,combined,Drop,0,0,0,0
1.5,rtr-35,combined,Drop,0,0,0,0
1.5,rtr-36,combined,Drop,0,0,0,0
1.5,rtr-37,combined,Drop,0,0,0,0
2,rtr-1,combined,Drop,0,0,0,0
2,rtr-2,combined,Drop,0,0,0,0
2,rtr-3,combined,Drop,0,0,0,0
2,rtr-4,combined,Drop,0,0,0,0
2,rtr-5,combined,Drop,0,0,0,0
2,rtr-6,combined,Drop,0,0,0,0
2,rtr-7,combined,Drop,0,0,0,0
2,rtr-8,combined,Drop,0,0,0,0
2,rtr-9,combined,Drop,0,0,0,0
2,rtr-10,combined,Drop,0,0,0,0
2,rtr-11,combined,Drop,0,0,0,0
2,rtr-12,combined,Drop,0,0,0,0
2,rtr-13,combined,Drop,0,0,0,0
2,rtr-14,combined,Drop,0,0,0,0
2,rtr-15,combined,Drop,0,0,0,0
2,rtr-16,combined,Drop,0,0,0,0
2,rtr-17,combined,Drop,0,0,0,0
2,rtr-18,combined,Drop,0,0,0,0
2,rtr-19,combined,Drop,0,0,0,0
2,rtr-20,combined,Drop,0,0,0,0
2,rtr-21,combined,Drop,0,0,0,0
2,rtr-22,combined,Drop,0,0,0,0
2,rtr-23,combined,Drop,0,0,0,0
2,rtr-24,combined,Drop,0,0,0,0
2,rtr-25,combined,Drop,0,0,0,0
2,rtr-26,combined,Drop,0,0,0,0
2,rtr-27,combined,Drop,0,0,0,0
2,rtr-28,combined,Drop,0,0,0,0
2,rtr-29,combined,Drop,0,0,0,0
2,rtr-30,combined,Drop,0,0,0,0
2,rtr-31,combined,Drop,0,0,0,0
2,rtr-32,combined,Drop,0,0,0,0
2,rtr-33,combined,Drop,0,0,0,0
2,rtr-34,combined,Drop,0,0,0,0
2,rtr-35,combined,Drop,0,0,0,0
2,rtr-36,combined,Drop,0,0,0,0
2,rtr-37,combined,Drop,0,0,0,0
2.5,rtr-1,combined,Drop,0,0,0,0
2.5,rtr-2,combined,Drop,0,0,0,0
2.5,rtr-3,combined,Drop,0,0,0,0
2.5,rtr-4,combined,Drop,0,0,0,0
2.5,rtr-5,combined,Drop,0,0,0,0
2.5,rtr-6,combined,Drop,0,0,0,0
2.5,rtr-7,combined,Drop,0,0,0,0
2.5,rtr-8,combined,Drop,0,0,0,0
2.5,rtr-9,combined,Drop,0,0,0,0
2.5,rtr-10,combined,Drop,0,0,0,0
2.5,rtr-11,combined,Drop,0,0,0,0
2.5,rtr-12,combined,Drop,0,0,0,0
2.5,rtr-13,combined,Drop,0,0,0,0
2.5,rtr-14,combined,Drop,0,0,0,0
2.5,rtr-15,combined,Drop,0,0,0,0
2.5,rtr-16,combined,Drop,0,0,0,0
2.5,rtr-17,combined,Drop,0,0,0,0
2.5,rtr-18,combined,Drop,0,0,0,0
2.5,rtr-19,combined,Drop,0,0,0,0
2.5,rtr-20,combined,Drop,0,0,0,0
2.5,rtr-21,combined,Drop,0,0,0,0
2.5,rtr-22,combined,Drop,0,0,0,0
2.5,rtr-23,combined,Drop,0,0,0,0
2.5,rtr-24,combined,Drop,0,0,0,0
2.5,rtr-25,combined,Drop,0,0,0,0
2.5,rtr-26,combined,Drop,0,0,0,0
2.5,rtr-27,combined,Drop,0,0,0,0
2.5,rtr-28,combined,Drop,0,0,0,0
2.5,rtr-29,combined,Drop,0,0,0,0
2.5,rtr-30,combined,Drop,0,0,0,0
2.5,rtr-31,combined,Drop,0,0,0,0
2.5,rtr-32,combined,Drop,0,0,0,0
2.5,rtr-33,combined,Drop,0,0,0,0
2.5,rtr-34,combined,Drop,0,0,0,0
2.5,rtr-35,combined,Drop,0,0,0,0
2.5,rtr-36,combined,Drop,0,0,0,0
2.5,rtr-37,combined,Drop,0,0,0,0
3,rtr-1,combined,Drop,0,0,0,0
3,rtr-2,combined,Drop,0,0,0,0
3,rtr-3,combined,Drop,0,0,0,0
3,rtr-4,combined,Drop,0,0,0,0
3,rtr-5,combined,Drop,0,0,0,0
3,rtr-6,combined,Drop,0,0,0,0
3,rtr-7,combined,Drop,0,0,0,0
3,rtr-8,combined,Drop,0,0,0,0
3,rtr-9,combined,Drop,0,0,0,0
3,rtr-10,combined,Drop,0,0,0,0
3,rtr-11,combined,Drop,0,0,0,0
3,rtr-12,combined,Drop,0,0,0,0
3,rtr-13,combined,Drop,0,0,0,0
3,rtr-14,combined,Drop,0,0,0,0
3,rtr-15,combined,Drop,0,0,0,0
3,rtr-16,combined,Drop,0,0,0,0
3,rtr-17,combined,Drop,0,0,0,0
3,rtr-18,combined,Drop,0,0,0,0
3,rtr-19,combined,Drop,0,0,0,0
3,rtr-20,combined,Drop,0,0,0,0
3,rtr-21,combined,Drop,0,0,0,0
3,rtr-22,combined,Drop,0,0,0,0
3,rtr-23,combined,Drop,0,0,0,0
3,rtr-24,combined,Drop,0,0,0,0
3,rtr-25,combined,Drop,0,0,0,0
3,rtr-26,combined,Drop,0,0,0,0
3,rtr-27,combined,Drop,0,0,0,0
3,rtr-28,combined,Drop,0,0,0,0
3,rtr-29,combined,Drop,0,0,0,0
3,rtr-30,combined,Drop,0,0,0,0
3,rtr-31,combined,Drop,0,0,0,0
3,rtr-32,combined,Drop,0,0,0,0
3,rtr-33,combined,Drop,0,0,0,0
3,rtr-34,combined,Drop,0,0,0,0
3,rtr-35,combined,Drop,0,0,0,0
3,rtr-36,combined,Drop,0,0,0,0
3,rtr-37,combined,Drop,0,0,0,0
3.5,rtr-1,combined,Drop,0,0,0,0
3.5,rtr-2,combined,Drop,0,0,0,0
3.5,rtr-3,combined,Drop,0,0,0,0
3.5,rtr-4,combined,Drop,0,0,0,0
3.5,rtr-5,combined,Drop,0,0,0,0
3.5,rtr-6,combined,Drop,0,0,0,0
3.5,rtr-7,combined,Drop,0,0,0,0
3.5,rtr-8,combined,Drop,0,0,0,0
3.5,rtr-9,combined,Drop,0,0,0,0
3.5,rtr-10,combined,Drop,0,0,0,0
3.5,rtr-11,combined,Drop,0,0,0,0
3.5,rtr-12,combined,Drop,0,0,0,0
3.5,rtr-13,combined,Drop,0,0,0,0
3.5,rtr-14,combined,Drop,0,0,0,0
3.5,rtr-15,combined,Drop,0,0,0,0
3.5,rtr-16,combined,Drop,0,0,0,0
3.5,rtr-17,combined,Drop,0,0,0,0
3.5,rtr-18,combined,Drop,0,0,0,0
3.5,rtr-19,combined,Drop,0,0,0,0
3.5,rtr-20,combined,Drop,0,0,0,0
3.5,rtr-21,combined,Drop,0,0,0,0
3.5,rtr-22,combined,Drop,0,0,0,0
3.5,rtr-23,combined,Drop,0,0,0,0
3.5,rtr-24,combined,Drop,0,0,0,0
3.5,rtr-25,combined,Drop,0,0,0,0
3.5,rtr-26,combined,Drop,0,0,0,0
3.5,rtr-27,combined,Drop,0,0,0,0
3.5,rtr-28,combined,Drop,0,0,0,0
3.5,rtr-29,combined,Drop,0,0,0,0
3.5,rtr-30,combined,Drop,0,0,0,0
3.5,rtr-31,combined,Drop,0,0,0,0
3.5,rtr-32,combined,Drop,0,0,0,0
3.5,rtr-33,combined,Drop,0,0,0,0
3.5,rtr-34,combined,Drop,0,0,0,0
3.5,rtr-35,combined,Drop,0,0,0,0
3.5,rtr-36,combined,Drop,0,0,0,0
3.5,rtr-37,combined,Drop,0,0,0,0
4,rtr-1,combined,Drop,0,0,0,0
4,rtr-2,combined,Drop,0,0,0,0
4,rtr-3,combined,Drop,0,0,0,0
4,rtr-4,combined,Drop,0,0,0,0
4,rtr-5,combined,Drop,0,0,0,0
4,rtr-6,combined,Drop,0,0,0,0
4,rtr-7,combined,Drop,0,0,0,0
4,rtr-8,combined,Drop,0,0,0,0
4,rtr-9,combined,Drop,0,0,0,0
4,rtr-10,combined,Drop,0,0,0,0
4,rtr-11,combined,Drop,0,0,0,0
4,rtr-12,combined,Drop,0,0,0,0
4,rtr-13,combined,Drop,0,0,0,0
4,rtr-14,combined,Drop,0,0,0,0
4,rtr-15,combined,Drop,0,0,0,0
4,rtr-16,combined,Drop,0,0,0,0
4,rtr-17,combined,Drop,0,0,0,0
4,rtr-18,combined,Drop,0,0,0,0
4,rtr-19,combined,Drop,0,0,0,0
4,rtr-20,combined,Drop,0,0,0,0
4,rtr-21,combined,Drop,0,0,0,0
4,rtr-22,combined,Drop,0,0,0,0
4,rtr-23,combined,Drop,0,0,0,0
4,rtr-24,combined,Drop,0,0,0,0
4,rtr-25,combined,Drop,0,0,0,0
4,rtr-26,combined,Drop,0,0,0,0
4,rtr-27,combined,Drop,0,0,0,0
4,rtr-28,combined,Drop,0,0,0,0
4,rtr-29,combined,Drop,0,0,0,0
4,rtr-30,combined,Drop,0,0,0,0
4,rtr-31,combined,Drop,0,0,0,0
4,rtr-32,combined,Drop,0,0,0,0
4,rtr-33,combined,Drop,0,0,0,0
4,rtr-34,combined,Drop,0,0,0,0
4,rtr-35,combined,Drop,0,0,0,0
4,rtr-36,combined,Drop,0,0,0,0
4,rtr-37,combined,Drop,0,0,0,0
4.5,rtr-1,combined,Drop,0,0,0,0
4.5,rtr-2,combined,Drop,0,0,0,0
4.5,rtr-3,combined,Drop,0,0,0,0
4.5,rtr-4,combined,Drop,0,0,0,0
4.5,rtr-5,combined,Drop,0,0,0,0
4.5,rtr-6,combined,Drop,0,0,0,0
4.5,rtr-7,combined,Drop,0,0,0,0
4.5,rtr-8,combined,Drop,0,0,0,0
4.5,rtr-9,combined,Drop,0,0,0,0
4.5,rtr-10,combined,Drop,0,0,0,0
4.5,rtr-11,combined,Drop,0,0,0,0
4.5,rtr-12,combined,Drop,0,0,0,0
4.5,rtr-13,combined,Drop,0,0,0,0
4.5,rtr-14,combined,Drop,0,0,0,0
4.5,rtr-15,combined,Drop,0,0,0,0
4.5,rtr-16,combined,Drop,0,0,0,0
4.5,rtr-17,combined,Drop,0,0,0,0
4.5,rtr-18,combined,Drop,0,0,0,0
4.5,rtr-19,combined,Drop,0,0,0,0
4.5,rtr-20,combined,Drop,0,0,0,0
4.5,rtr-21,combined,Drop,0,0,0,0
4.5,rtr-22,combined,Drop,0,0,0,0
4.5,rtr-23,combined,Drop,0,0,0,0
4.5,rtr-24,combined,Drop,0,0,0,0
4.5,rtr-25,combined,Drop,0,0,0,0
4.5,rtr-26,combined,Drop,0,0,0,0
4.5,rtr-27,combined,Drop,0,0,0,0
4.5,rtr-28,combined,Drop,0,0,0,0
4.5,rtr-29,combined,Drop,0,0,0,0
4.5,rtr-30,combined,Drop,0,0,0,0
4.5,rtr-31,combined,Drop,0,0,0,0
4.5,rtr-32,combined,Drop,0,0,0,0
4.5,rtr-33,combined,Drop,0,0,0,0
4.5,rtr-34,combined,Drop,0,0,0,0
4.5,rtr-35,combined,Drop,0,0,0,0
4.5,rtr-36,combined,Drop,0,0,0,0
4.5,rtr-37,combined,Drop,0,0,0,0
5,rtr-1,combined,Drop,0,0,0,0
5,rtr-2,combined,Drop,0,0,0,0
5,rtr-3,combined,Drop,0,0,0,0
5,rtr-4,combined,Drop,0,0,0,0
5,rtr-5,combined,Drop,0,0,0,0
5,rtr-6,combined,Drop,0,0,0,0
5,rtr-7,combined,Drop,0,0,0,0
5,rtr-8,combined,Drop,0,0,0,0
5,rtr-9,combined,Drop,0,0,0,0
5,rtr-10,combined,Drop,0,0,0,0
5,rtr-11,combined,Drop,0,0,0,0
5,rtr-12,combined,Drop,0,0,0,0
5,rtr-13,combined,Drop,0,0,0,0
5,rtr-14,combined,Drop,0,0,0,0
5,rtr-15,combined,Drop,0,0,0,0
5,rtr-16,combined,Drop,0,0,0,0
5,rtr-17,combined,Drop,0,0,0,0
5,rtr-18,combined,Drop,0,0,0,0
5,rtr-19,combined,Drop,0,0,0,0
5,rtr-20,combined,Drop,0,0,0,0
5,rtr-21,combined,Drop,0,0,0,0
5,rtr-22,combined,Drop,0,0,0,0
5,rtr-23,combined,Drop,0,0,0,0
5,rtr-24,combined,Drop,0,0,0,0
5,rtr-25,combined,Drop,0,0,0,0
5,rtr-26,combined,Drop,0,0,0,0
5,rtr-27,combined,Drop,0,0,0,0
5,rtr-28,combined,Drop,0,0,0,0
5,rtr-29,combined,Drop,0,0,0,0
5,rtr-30,combined,Drop,0,0,0,0
5,rtr-31,combined,Drop,0,0,0,0
5,rtr-32,combined,Drop,0,0,0,0
5,rtr-33,combined,Drop,0,0,0,0
5,rtr-34,combined,Drop,0,0,0,0
5,rtr-35,combined,Drop,0,0,0,0
5,rtr-36,combined,Drop,0,0,0,0
5,rtr-37,combined,Drop,0,0,0,0
5.5,rtr-1,combined,Drop,0,0,0,0
5.5,rtr-2,combined,Drop,0,0,0,0
5.5,rtr-3,combined,Drop,0,0,0,0
5.5,rtr-4,combined,Drop,0,0,0,0
5.5,rtr-5,combined,Drop,0,0,0,0
5.5,rtr-6,combined,Drop,0,0,0,0
5.5,rtr-7,combined,Drop,0,0,0,0
5.5,rtr-8,combined,Drop,0,0,0,0
5.5,rtr-9,combined,Drop,0,0,0,0
5.5,rtr-10,combined,Drop,0,0,0,0
5.5,rtr-11,combined,Drop,0,0,0,0
5.5,rtr-12,combined,Drop,0,0,0,0
5.5,rtr-13,combined,Drop,0,0,0,0
5.5,rtr-14,combined,Drop,0,0,0,0
5.5,rtr-15,combined,Drop,0,0,0,0
5.5,rtr-16,combined,Drop,0,0,0,0
5.5,rtr-17,combined,Drop,0,0,0,0
5.5,rtr-18,combined,Drop,0,0,0,0
5.5,rtr-19,combined,Drop,0,0,0,0
5.5,rtr-20,combined,Drop,0,0,0,0
5.5,rtr-21,combined,Drop,0,0,0,0
5.5,rtr-22,combined,Drop,0,0,0,0
5.5,rtr-23,combined,Drop,0,0,0,0
5.5,rtr-24,combined,Drop,0,0,0,0
5.5,rtr-25,combined,Drop,0,0,0,0
5.5,rtr-26,combined,Drop,0,0,0,0
5.5,rtr-27,combined,Drop,0,0,0,0
5.5,rtr-28,combined,Drop,0,0,0,0
5.5,rtr-29,combined,Drop,0,0,0,0
5.5,rtr-30,combined,Drop,0,0,0,0
5.5,rtr-31,combined,Drop,0,0,0,0
5.5,rtr-32,combined,Drop,0,0,0,0
5.5,rtr-33,combined,Drop,0,0,0,0
5.5,rtr-34,combined,Drop,0,0,0,0
5.5,rtr-35,combined,Drop,0,0,0,0
5.5,rtr-36,combined,Drop,0,0,0,0
5.5,rtr-37,combined,Drop,0,0,0,0
6,rtr-1,combined,Drop,0,0,0,0
6,rtr-2,combined,Drop,0,0,0,0
6,rtr-3,combined,Drop,0,0,0,0
6,rtr-4,combined,Drop,0,0,0,0
6,rtr-5,combined,Drop,0,0,0,0
6,rtr-6,combined,Drop,0,0,0,0
6,rtr-7,combined,Drop,0,0,0,0
6,rtr-8,combined,Drop,0,0,0,0
6,rtr-9,combined,Drop,0,0,0,0
6,rtr-10,combined,Drop,0,0,0,0
6,rtr-11,combined,Drop,0,0,0,0
6,rtr-12,combined,Drop,0,0,0,0
6,rtr-13,combined,Drop,0,0,0,0
6,rtr-14,combined,Drop,0,0,0,0
6,rtr-15,combined,Drop,0,0,0,0
6,rtr-16,combined,Drop,0,0,0,0
6,rtr-17,combined,Drop,0,0,0,0
6,rtr-18,combined,Drop,0,0,0,0
6,rtr-19,combined,Drop,0,0,0,0
6,rtr-20,combined,Drop,0,0,0,0
6,rtr-21,combined,Drop,0,0,0,0
6,rtr-22,combined,Drop,0,0,0,0
6,rtr-23,combined,Drop,0,0,0,0
6,rtr-24,combined,Drop,0,0,0,0
6,rtr-25,combined,Drop,0,0,0,0
6,rtr-26,combined,Drop,0,0,0,0
6,rtr-27,combined,Drop,0,0,0,0
6,rtr-28,combined,Drop,0,0,0,0
6,rtr-29,combined,Drop,0,0,0,0
6,rtr-30,combined,Drop,0,0,0,0
6,rtr-31,combined,Drop,0,0,0,0
6,rtr-32,combined,Drop,0,0,0,0
6,rtr-33,combined,Drop,0,0,0,0
6,rtr-34,combined,Drop,0,0,0,0
6,rtr-35,combined,Drop,0,0,0,0
6,rtr-36,combined,Drop,0,0,0,0
6,rtr-37,combined,Drop,0,0,0,0
6.5,rtr-1,combined,Drop,0,0,0,0
6.5,rtr-2,combined,Drop,0,0,0,0
6.5,rtr-3,combined,Drop,0,0,0,0
6.5,rtr-4,combined,Drop,0,0,0,0
6.5,rtr-5,combined,Drop,0,0,0,0
6.5,rtr-6,combined,Drop,0,0,0,0
6.5,rtr-7,combined,Drop,0,0,0,0
6.5,rtr-8,combined,Drop,0,0,0,0
6.5,rtr-9,combined,Drop,0,0,0,0
6.5,rtr-10,combined,Drop,0,0,0,0
6.5,rtr-11,combined,Drop,0,0,0,0
6.5,rtr-12,combined,Drop,0,0,0,0
6.5,rtr-13,combined,Drop,0,0,0,0
6.5,rtr-14,combined,Drop,0,0,0,0
6.5,rtr-15,combined,Drop,0,0,0,0
6.5,rtr-16,combined,Drop,0,0,0,0
6.5,rtr-17,combined,Drop,0,0,0,0
6.5,rtr-18,combined,Drop,0,0,0,0
6.5,rtr-19,combined,Drop,0,0,0,0
6.5,rtr-20,combined,Drop,0,0,0,0
6.5,rtr-21,combined,Drop,0,0,0,0
6.5,rtr-22,combined,Drop,0,0,0,0
6.5,rtr-23,combined,Drop,0,0,0,0
6.5,rtr-24,combined,Drop,0,0,0,0
6.5,rtr-25,combined,Drop,0,0,0,0
6.5,rtr-26,combined,Drop,0,0,0,0
6.5,rtr-27,combined,Drop,0,0,0,0
6.5,rtr-28,combined,Drop,0,0,0,0
6.5,rtr-29,combined,Drop,0,0,0,0
6.5,rtr-30,combined,Drop,0,0,0,0
6.5,rtr-31,combined,Drop,0,0,0,0
6.5,rtr-32,combined,Drop,0,0,0,0
6.5,rtr-33,combined,Drop,0,0,0,0
6.5,rtr-34,combined,Drop,0,0,0,0
6.5,rtr-35,combined,Drop,0,0,0,0
6.5,rtr-36,combined,Drop,0,0,0,0
6.5,rtr-37,combined,Drop,0,0,0,0
7,rtr-1,combined,Drop,0,0,0,0
7,rtr-2,combined,Drop,0,0,0,0
7,rtr-3,combined,Drop,0,0,0,0
7,rtr-4,combined,Drop,0,0,0,0
7,rtr-5,combined,Drop,0,0,0,0
7,rtr-6,combined,Drop,0,0,0,0
7,rtr-7,combined,Drop,0,0,0,0
7,rtr-8,combined,Drop,0,0,0,0
7,rtr-9,combined,Drop,0,0,0,0
7,rtr-10,combined,Drop,0,0,0,0
7,rtr-11,combined,Drop,0,0,0,0
7,rtr-12,combined,Drop,0,0,0,0
7,rtr-13,combined,Drop,0,0,0,0
7,rtr-14,combined,Drop,0,0,0,0
7,rtr-15,combined,Drop,0,0,0,0
7,rtr-16,combined,Drop,0,0,0,0
7,rtr-17,combined,Drop,0,0,0,0
7,rtr-18,combined,Drop,0,0,0,0
7,rtr-19,combined,Drop,0,0,0,0
7,rtr-20,combined,Drop,0,0,0,0
7,rtr-21,combined,Drop,0,0,0,0
7,rtr-22,combined,Drop,0,0,0,0
7,rtr-23,combined,Drop,0,0,0,0
7,rtr-24,combined,Drop,0,0,0,0
7,rtr-25,combined,Drop,0,0,0,0
7,rtr-26,combined,Drop,0,0,0,0
7,rtr-27,combined,Drop,0,0,0,0
7,rtr-28,combined,Drop,0,0,0,0
7,rtr-29,combined,Drop,0,0,0,0
7,rtr-30,combined,Drop,0,0,0,0
7,rtr-31,combined,Drop,0,0,0,0
7,rtr-32,combined,Drop,0,0,0,0
7,rtr-33,combined,Drop,0,0,0,0
7,rtr-34,combined,Drop,0,0,0,0
7,rtr-35,combined,Drop,0,0,0,0
7,rtr-36,combined,Drop,0,0,0,0
7,rtr-37,combined,Drop,0,0,0,0
7.5,rtr-1,combined,Drop,0,0,0,0
7.5,rtr-2,combined,Drop,0,0,0,0
7.5,rtr-3,combined,Drop,0,0,0,0
7.5,rtr-4,combined,Drop,0,0,0,0
7.5,rtr-5,combined,Drop,0,0,0,0
7.5,rtr-6,combined,Drop,0,0,0,0
7.5,rtr-7,combined,Drop,0,0,0,0
7.5,rtr-8,combined,Drop,0,0,0,0
7.5,rtr-9,combined,Drop,0,0,0,0
7.5,rtr-10,combined,Drop,0,0,0,0
7.5,rtr-11,combined,Drop,0,0,0,0
7.5,rtr-12,combined,Drop,0,0,0,0
7.5,rtr-13,combined,Drop,0,0,0,0
7.5,rtr-14,combined,Drop,0,0,0,0
7.5,rtr-15,combined,Drop,0,0,0,0
7.5,rtr-16,combined,Drop,0,0,0,0
7.5,rtr-17,combined,Drop,0,0,0,0
7.5,rtr-18,combined,Drop,0,0,0,0
7.5,rtr-19,combined,Drop,0,0,0,0
7.5,rtr-20,combined,Drop,0,0,0,0
7.5,rtr-21,combined,Drop,0,0,0,0
7.5,rtr-22,combined,Drop,0,0,0,0
7.5,rtr-23,combined,Drop,0,0,0,0
7.5,rtr-24,combined,Drop,0,0,0,0
7.5,rtr-25,combined,Drop,0,0,0,0
7.5,rtr-26,combined,Drop,0,0,0,0
7.5,rtr-27,combined,Drop,0,0,0,0
7.5,rtr-28,combined,Drop,0,0,0,0
7.5,rtr-29,combined,Drop,0,0,0,0
7.5,rtr-30,combined,Drop,0,0,0,0
7.5,rtr-31,combined,Drop,0,0,0,0
7.5,rtr-32,combined,Drop,0,0,0,0
7.5,rtr-33,combined,Drop,0,0,0,0
7.5,rtr-34,combined,Drop,0,0,0,0
7.5,rtr-35,combined,Drop,0,0,0,0
7.5,rtr-36,combined,Drop,0,0,0,0
7.5,rtr-37,combined,Drop,0,0,0,0
8,rtr-1,combined,Drop,0,0,0,0
8,rtr-2,combined,Drop,0,0,0,0
8,rtr-3,combined,Drop,0,0,0,0
8,rtr-4,combined,Drop,0,0,0,0
8,rtr-5,combined,Drop,0,0,0,0
8,rtr-6,combined,Drop,0,0,0,0
8,rtr-7,combined,Drop,0,0,0,0
8,rtr-8,combined,Drop,0,0,0,0
8,rtr-9,combined,Drop,0,0,0,0
8,rtr-10,combined,Drop,0,0,0,0
8,rtr-11,combined,Drop,0,0,0,0
8,rtr-12,combined,Drop,0,0,0,0
8,rtr-13,combined,Drop,0,0,0,0
8,rtr-14,combined,Drop,0,0,0,0
8,rtr-15,combined,Drop,0,0,0,0
8,rtr-16,combined,Drop,0,0,0,0
8,rtr-17,combined,Drop,0,0,0,0
8,rtr-18,combined,Drop,0,0,0,0
8,rtr-19,combined,Drop,0,0,0,0
8,rtr-20,combined,Drop,0,0,0,0
8,rtr-21,combined,Drop,0,0,0,0
8,rtr-22,combined,Drop,0,0,0,0
8,rtr-23,combined,Drop,0,0,0,0
8,rtr-24,combined,Drop,0,0,0,0
8,rtr-25,combined,Drop,0,0,0,0
8,rtr-26,combined,Drop,0,0,0,0
8,rtr-27,combined,Drop,0,0,0,0
8,rtr-28,combined,Drop,0,0,0,0
8,rtr-29,combined,Drop,0,0,0,0
8,rtr-30,combined,Drop,0,0,0,0
8,rtr-31,combined,Drop,0,0,0,0
8,rtr-32,combined,Drop,0,0,0,0
8,rtr-33,combined,Drop,0,0,0,0
8,rtr-34,combined,Drop,0,0,0,0
8,rtr-35,combined,Drop,0,0,0,0
8,rtr-36,combined,Drop,0,0,0,0
8,rtr-37,combined,Drop,0,0,0,0
8.5,rtr-1,combined,Drop,0,0,0,0
8.5,rtr-2,combined,Drop,0,0,0,0
8.5,rtr-3,combined,Drop,0,0,0,0
8.5,rtr-4,combined,Drop,0,0,0,0
8.5,rtr-5,combined,Drop,0,0,0,0
8.5,rtr-6,combined,Drop,0,0,0,0
8.5,rtr-7,combined,Drop,0,0,0,0
8.5,rtr-8,combined,Drop,0,0,0,0
8.5,rtr-9,combined,Drop,0,0,0,0
8.5,rtr-10,combined,Drop,0,0,0,0
8.5,rtr-11,combined,Drop,0,0,0,0
8.5,rtr-12,combined,Drop,0,0,0,0
8.5,rtr-13,combined,Drop,0,0,0,0
8.5,rtr-14,combined,Drop,0,0,0,0
8.5,rtr-15,combined,Drop,0,0,0,0
8.5,rtr-16,combined,Drop,0,0,0,0
8.5,rtr-17,combined,Drop,0,0,0,0
8.5,rtr-18,combined,Drop,0,0,0,0
8.5,rtr-19,combined,Drop,0,0,0,0
8.5,rtr-20,combined,Drop,0,0,0,0
8.5,rtr-21,combined,Drop,0,0,0,0
8.5,rtr-22,combined,Drop,0,0,0,0
8.5,rtr-23,combined,Drop,0,0,0,0
8.5,rtr-24,combined,Drop,0,0,0,0
8.5,rtr-25,combined,Drop,0,0,0,0
8.5,rtr-26,combined,Drop,0,0,0,0
8.5,rtr-27,combined,Drop,0,0,0,0
8.5,rtr-28,combined,Drop,0,0,0,0
8.5,rtr-29,combined,Drop,0,0,0,0
8.5,rtr-30,combined,Drop,0,0,0,0
8.5,rtr-31,combined,Drop,0,0,0,0
8.5,rtr-32,combined,Drop,0,0,0,0
8.5,rtr-33,combined,Drop,0,0,0,0
8.5,rtr-34,combined,Drop,0,0,0,0
8.5,rtr-35,combined,Drop,0,0,0,0
8.5,rtr-36,combined,Drop,0,0,0,0
8.5,rtr-37,combined,Drop,0,0,0,0
9,rtr-1,combined,Drop,0,0,0,0
9,rtr-2,combined,Drop,0,0,0,0
9,rtr-3,combined,Drop,0,0,0,0
9,rtr-4,combined,Drop,0,0,0,0
9,rtr-5,combined,Drop,0,0,0,0
9,rtr-6,combined,Drop,0,0,0,0
9,rtr-7,combined,Drop,0,0,0,0
9,rtr-8,combined,Drop,0,0,0,0
9,rtr-9,combined,Drop,0,0,0,0
9,rtr-10,combined,Drop,0,0,0,0
9,rtr-11,combined,Drop,0,0,0,0
9,rtr-12,combined,Drop,0,0,0,0
9,rtr-13,combined,Drop,0,0,0,0
9,rtr-14,combined,Drop,0,0,0,0
9,rtr-15,combined,Drop,0,0,0,0
9,rtr-16,combined,Drop,0,0,0,0
9,rtr-17,combined,Drop,0,0,0,0
9,rtr-18,combined,Drop,0,0,0,0
9,rtr-19,combined,Drop,0,0,0,0
9,rtr-20,combined,Drop,0,0,0,0
9,rtr-21,combined,Drop,0,0,0,0
9,rtr-22,combined,Drop,0,0,0,0
9,rtr-23,combined,Drop,0,0,0,0
9,rtr-24,combined,Drop,0,0,0,0
9,rtr-25,combined,Drop,0,0,0,0
9,rtr-26,combined,Drop,0,0,0,0
9,rtr-27,combined,Drop,0,0,0,0
9,rtr-28,combined,Drop,0,0,0,0
9,rtr-29,combined,Drop,0,0,0,0
9,rtr-30,combined,Drop,0,0,0,0
9,rtr-31,combined,Drop,0,0,0,0
9,rtr-32,combined,Drop,0,0,0,0
9,rtr-33,combined,Drop,0,0,0,0
9,rtr-34,combined,Drop,0,0,0,0
9,rtr-35,combined,Drop,0,0,0,0
9,rtr-36,combined,Drop,0,0,0,0
9,rtr-37,combined,Drop,0,0,0,0
9.5,rtr-1,combined,Drop,0,0,0,0
9.5,rtr-2,combined,Drop,0,0,0,0
9.5,rtr-3,combined,Drop,0,0,0,0
9.5,rtr-4,combined,Drop,0,0,0,0
9.5,rtr-5,combined,Drop,0,0,0,0
9.5,rtr-6,combined,Drop,0,0,0,0
9.5,rtr-7,combined,Drop,0,0,0,0
9.5,rtr-8,combined,Drop,0,0,0,0
9.5,rtr-9,combined,Drop,0,0,0,0
9.5,rtr-10,combined,Drop,0,0,0,0
9.5,rtr-11,combined,Drop,0,0,0,0
9.5,rtr-12,combined,Drop,0,0,0,0
9.5,rtr-13,combined,Drop,0,0,0,0
9.5,rtr-14,combined,Drop,0,0,0,0
9.5,rtr-15,combined,Drop,0,0,0,0
9.5,rtr-16,combined,Drop,0,0,0,0
9.5,rtr-17,combined,Drop,0,0,0,0
9.5,rtr-18,combined,Drop,0,0,0,0
9.5,rtr-19,combined,Drop,0,0,0,0
9.5,rtr-20,combined,Drop,0,0,0,0
9.5,rtr-21,combined,Drop,0,0,0,0
9.5,rtr-22,combined,Drop,0,0,0,0
9.5,rtr-23,combined,Drop,0,0,0,0
9.5,rtr-24,combined,Drop,0,0,0,0
9.5,rtr-25,combined,Drop,0,0,0,0
9.5,rtr-26,combined,Drop,0,0,0,0
9.5,rtr-27,combined,Drop,0,0,0,0
9.5,rtr-28,combined,Drop,0,0,0,0
9.5,rtr-29,combined,Drop,0,0,0,0
9.5,rtr-30,combined,Drop,0,0,0,0
9.5,rtr-31,combined,Drop,0,0,0,0
9.5,rtr-32,combined,Drop,0,0,0,0
9.5,rtr-33,combined,Drop,0,0,0,0
9.5,rtr-34,combined,Drop,0,0,0,0
9.5,rtr-35,combined,Drop,0,0,0,0
9.5,rtr-36,combined,Drop,0,0,0,0
9.5,rtr-37,combined,Drop,0,0,0,0
10,rtr-1,combined,Drop,0,0,0,0
10,rtr-2,combined,Drop,0,0,0,0
10,rtr-3,combined,Drop,0,0,0,0
10,rtr-4,combined,Drop,0,0,0,0
10,rtr-5,combined,Drop,0,0,0,0
10,rtr-6,combined,Drop,0,0,0,0
10,rtr-7,combined,Drop,0,0,0,0
10,rtr-8,combined,Drop,0,0,0,0
10,rtr-9,combined,Drop,0,0,0,0
10,rtr-10,combined,Drop,0,0,0,0
10,rtr-11,combined,Drop,0,0,0,0
10,rtr-12,combined,Drop,0,0,0,0
10,rtr-13,combined,Drop,0,0,0,0
10,rtr-14,combined,Drop,0,0,0,0
10,rtr-15,combined,Drop,0,0,0,0
10,rtr-16,combined,Drop,0,0,0,0
10,rtr-17,combined,Drop,0,0,0,0
10,rtr-18,combined,Drop,0,0,0,0
10,rtr-19,combined,Drop,0,0,0,0
10,rtr-20,combined,Drop,0,0,0,0
10,rtr-21,combined,Drop,0,0,0,0
10,rtr-22,combined,Drop,0,0,0,0
10,rtr-23,combined,Drop,0,0,0,0
10,rtr-24,combined,Drop,0,0,0,0
10,rtr-25,combined,Drop,0,0,0,0
10,rtr-26,combined,Drop,0,0,0,0
10,rtr-27,combined,Drop,0,0,0,0
10,rtr-28,combined,Drop,0,0,0,0
10,rtr-29,combined,Drop,0,0,0,0
10,rtr-30,combined,Drop,0,0,0,0
10,rtr-31,combined,Drop,0,0,0,0
10,rtr-32,combined,Drop,0,0,0,0
10,rtr-33,combined,Drop,0,0,0,0
10,rtr-34,combined,Drop,0,0,0,0
10,rtr-35,combined,Drop,0,0,0,0
10,rtr-36,combined,Drop,0,0,0,0
10,rtr-37,combined,Drop,0,0,0,0
10.5,rtr-1,combined,Drop,0,0,0,0
10.5,rtr-2,combined,Drop,0,0,0,0
10.5,rtr-3,combined,Drop,0,0,0,0
10.5,rtr-4,combined,Drop,0,0,0,0
10.5,rtr-5,combined,Drop,0,0,0,0
10.5,rtr-6,combined,Drop,0,0,0,0
10.5,rtr-7,combined,Drop,0,0,0,0
10.5,rtr-8,combined,Drop,0,0,0,0
10.5,rtr-9,combined,Drop,0,0,0,0
10.5,rtr-10,combined,Drop,0,0,0,0
10.5,rtr-11,combined,Drop,0,0,0,0
10.5,rtr-12,combined,Drop,0,0,0,0
10.5,rtr-13,combined,Drop,0,0,0,0
10.5,rtr-14,combined,Drop,0,0,0,0
10.5,rtr-15,combined,Drop,0,0,0,0
10.5,rtr-16,combined,Drop,0,0,0,0
10.5,rtr-17,combined,Drop,0,0,0,0
10.5,rtr-18,combined,Drop,0,0,0,0
10.5,rtr-19,combined,Drop,0,0,0,0
10.5,rtr-20,combined,Drop,0,0,0,0
10.5,rtr-21,combined,Drop,0,0,0,0
10.5,rtr-22,combined,Drop,0,0,0,0
10.5,rtr-23,combined,Drop,0,0,0,0
10.5,rtr-24,combined,Drop,0,0,0,0
10.5,rtr-25,combined,Drop,0,0,0,0
10.5,rtr-26,combined,Drop,0,0,0,0
10.5,rtr-27,combined,Drop,0,0,0,0
10.5,rtr-28,combined,Drop,0,0,0,0
10.5,rtr-29,combined,Drop,0,0,0,0
10.5,rtr-30,combined,Drop,0,0,0,0
10.5,rtr-31,combined,Drop,0,0,0,0
10.5,rtr-32,combined,Drop,0,0,0,0
10.5,rtr-33,combined,Drop,0,0,0,0
10.5,rtr-34,combined,Drop,0,0,0,0
10.5,rtr-35,combined,Drop,0,0,0,0
10.5,rtr-36,combined,Drop,0,0,0,0
10.5,rtr-37,combined,Drop,0,0,0,0
11,rtr-1,combined,Drop,0,0,0,0
11,rtr-2,combined,Drop,0,0,0,0
11,rtr-3,combined,Drop,0,0,0,0
11,rtr-4,combined,Drop,0,0,0,0
11,rtr-5,combined,Drop,0,0,0,0
11,rtr-6,combined,Drop,0,0,0,0
11,rtr-7,combined,Drop,0,0,0,0
11,rtr-8,combined,Drop,0,0,0,0
11,rtr-9,combined,Drop,0,0,0,0
11,rtr-10,combined,Drop,0,0,0,0
11,rtr-11,combined,Drop,0,0,0,0
11,rtr-12,combined,Drop,0,0,0,0
11,rtr-13,combined,Drop,0,0,0,0
11,rtr-14,combined,Drop,0,0,0,0
11,rtr-15,combined,Drop,0,0,0,0
11,rtr-16,combined,Drop,0,0,0,0
11,rtr-17,combined,Drop,0,0,0,0
11,rtr-18,combined,Drop,0,0,0,0
11,rtr-19,combined,Drop,0,0,0,0
11,rtr-20,combined,Drop,0,0,0,0
11,rtr-21,combined,Drop,0,0,0,0
11,rtr-22,combined,Drop,0,0,0,0
11,rtr-23,combined,Drop,0,0,0,0
11,rtr-24,combined,Drop,0,0,0,0
11,rtr-25,combined,Drop,0,0,0,0
11,rtr-26,combined,Drop,0,0,0,0
11,rtr-27,combined,Drop,0,0,0,0
11,rtr-28,combined,Drop,0,0,0,0
11,rtr-29,combined,Drop,0,0,0,0
11,rtr-30,combined,Drop,0,0,0,0
11,rtr-31,combined,Drop,0,0,0,0
11,rtr-32,combined,Drop,0,0,0,0
11,rtr-33,combined,Drop,0,0,0,0
11,rtr-34,combined,Drop,0,0,0,0
11,rtr-35,combined,Drop,0,0,0,0
11,rtr-36,combined,Drop,0,0,0,0
11,rtr-37,combined,Drop,0,0,0,0
11.5,rtr-1,combined,Drop,0,0,0,0
11.5,rtr-2,combined,Drop,0,0,0,0
11.5,rtr-3,combined,Drop,0,0,0,0
11.5,rtr-4,combined,Drop,0,0,0,0
11.5,rtr-5,combined,Drop,0,0,0,0
11.5,rtr-6,combined,Drop,0,0,0,0
11.5,rtr-7,combined,Drop,0,0,0,0
11.5,rtr-8,combined,Drop,0,0,0,0
11.5,rtr-9,combined,Drop,0,0,0,0
11.5,rtr-10,combined,Drop,0,0,0,0
11.5,rtr-11,combined,Drop,0,0,0,0
11.5,rtr-12,combined,Drop,0,0,0,0
11.5,rtr-13,combined,Drop,0,0,0,0
11.5,rtr-14,combined,Drop,0,0,0,0
11.5,rtr-15,combined,Drop,0,0,0,0
11.5,rtr-16,combined,Drop,0,0,0,0
11.5,rtr-17,combined,Drop,0,0,0,0
11.5,rtr-18,combined,Drop,0,0,0,0
11.5,rtr-19,combined,Drop,0,0,0,0
11.5,rtr-20,combined,Drop,0,0,0,0
11.5,rtr-21,combined,Drop,0,0,0,0
11.5,rtr-22,combined,Drop,0,0,0,0
11.5,rtr-23,combined,Drop,0,0,0,0
11.5,rtr-24,combined,Drop,0,0,0,0
11.5,rtr-25,combined,Drop,0,0,0,0
11.5,rtr-26,combined,Drop,0,0,0,0
11.5,rtr-27,combined,Drop,0,0,0,0
11.5,rtr-28,combined,Drop,0,0,0,0
11.5,rtr-29,combined,Drop,0,0,0,0
11.5,rtr-30,combined,Drop,0,0,0,0
11.5,rtr-31,combined,Drop,0,0,0,0
11.5,rtr-32,combined,Drop,0,0,0,0
11.5,rtr-33,combined,Drop,0,0,0,0
11.5,rtr-34,combined,Drop,0,0,0,0
11.5,rtr-35,combined,Drop,0,0,0,0
11.5,rtr-36,combined,Drop,0,0,0,0
11.5,rtr-37,combined,Drop,0,0,0,0
12,rtr-1,combined,Drop,0,0,0,0
12,rtr-2,combined,Drop,0,0,0,0
12,rtr-3,combined,Drop,0,0,0,0
12,rtr-4,combined,Drop,0,0,0,0
12,rtr-5,combined,Drop,0,0,0,0
12,rtr-6,combined,Drop,0,0,0,0
12,rtr-7,combined,Drop,0,0,0,0
12,rtr-8,combined,Drop,0,0,0,0
12,rtr-9,combined,Drop,0,0,0,0
12,rtr-10,combined,Drop,0,0,0,0
12,rtr-11,combined,Drop,0,0,0,0
12,rtr-12,combined,Drop,0,0,0,0
12,rtr-13,combined,Drop,0,0,0,0
12,rtr-14,combined,Drop,0,0,0,0
12,rtr-15,combined,Drop,0,0,0,0
12,rtr-16,combined,Drop,0,0,0,0
12,rtr-17,combined,Drop,0,0,0,0
12,rtr-18,combined,Drop,0,0,0,0
12,rtr-19,combined,Drop,0,0,0,0
12,rtr-20,combined,Drop,0,0,0,0
12,rtr-21,combined,Drop,0,0,0,0
12,rtr-22,combined,Drop,0,0,0,0
12,rtr-23,combined,Drop,0,0,0,0
12,rtr-24,combined,Drop,0,0,0,0
12,rtr-25,combined,Drop,0,0,0,0
12,rtr-26,combined,Drop,0,0,0,0
12,rtr-27,combined,Drop,0,0,0,0
12,rtr-28,combined,Drop,0,0,0,0
12,rtr-29,combined,Drop,0,0,0,0
12,rtr-30,combined,Drop,0,0,0,0
12,rtr-31,combined,Drop,0,0,0,0
12,rtr-32,combined,Drop,0,0,0,0
12,rtr-33,combined,Drop,0,0,0,0
12,rtr-34,combined,Drop,0,0,0,0
12,rtr-35,combined,Drop,0,0,0,0
12,rtr-36,combined,Drop,0,0,0,0
12,rtr-37,combined,Drop,0,0,0,0
12.5,rtr-1,combined,Drop,0,0,0,0
12.5,rtr-2,combined,Drop,0,0,0,0
12.5,rtr-3,combined,Drop,0,0,0,0
12.5,rtr-4,combined,Drop,0,0,0,0
12.5,rtr-5,combined,Drop,0,0,0,0
12.5,rtr-6,combined,Drop,0,0,0,0
12.5,rtr-7,combined,Drop,0,0,0,0
12.5,rtr-8,combined,Drop,0,0,0,0
12.5,rtr-9,combined,Drop,0,0,0,0
12.5,rtr-10,combined,Drop,0,0,0,0
12.5,rtr-11,combined,Drop,0,0,0,0
12.5,rtr-12,combined,Drop,0,0,0,0
12.5,rtr-13,combined,Drop,0,0,0,0
12.5,rtr-14,combined,Drop,0,0,0,0
12.5,rtr-15,combined,Drop,0,0,0,0
12.5,rtr-16,combined,Drop,0,0,0,0
12.5,rtr-17,combined,Drop,0,0,0,0
12.5,rtr-18,combined,Drop,0,0,0,0
12.5,rtr-19,combined,Drop,0,0,0,0
12.5,rtr-20,combined,Drop,0,0,0,0
12.5,rtr-21,combined,Drop,0,0,0,0
12.5,rtr-22,combined,Drop,0,0,0,0
12.5,rtr-23,combined,Drop,0,0,0,0
12.5,rtr-24,combined,Drop,0,0,0,0
12.5,rtr-25,combined,Drop,0,0,0,0
12.5,rtr-26,combined,Drop,0,0,0,0
12.5,rtr-27,combined,Drop,0,0,0,0
12.5,rtr-28,combined,Drop,0,0,0,0
12.5,rtr-29,combined,Drop,0,0,0,0
12.5,rtr-30,combined,Drop,0,0,0,0
12.5,rtr-31,combined,Drop,0,0,0,0
12.5,rtr-32,combined,Drop,0,0,0,0
12.5,rtr-33,combined,Drop,0,0,0,0
12.5,rtr-34,combined,Drop,0,0,0,0
12.5,rtr-35,combined,Drop,0,0,0,0
12.5,rtr-36,combined,Drop,0,0,0,0
12.5,rtr-37,combined,Drop,0,0,0,0
13,rtr-1,combined,Drop,0,0,0,0
13,rtr-2,combined,Drop,0,0,0,0
13,rtr-3,combined,Drop,0,0,0,0
13,rtr-4,combined,Drop,0,0,0,0
13,rtr-5,combined,Drop,0,0,0,0
13,rtr-6,combined,Drop,0,0,0,0
13,rtr-7,combined,Drop,0,0,0,0
13,rtr-8,combined,Drop,0,0,0,0
13,rtr-9,combined,Drop,0,0,0,0
13,rtr-10,combined,Drop,0,0,0,0
13,rtr-11,combined,Drop,0,0,0,0
13,rtr-12,combined,Drop,0,0,0,0
13,rtr-13,combined,Drop,0,0,0,0
13,rtr-14,combined,Drop,0,0,0,0
13,rtr-15,combined,Drop,0,0,0,0
13,rtr-16,combined,Drop,0,0,0,0
13,rtr-17,combined,Drop,0,0,0,0
13,rtr-18,combined,Drop,0,0,0,0
13,rtr-19,combined,Drop,0,0,0,0
13,rtr-20,combined,Drop,0,0,0,0
13,rtr-21,combined,Drop,0,0,0,0
13,rtr-22,combined,Drop,0,0,0,0
13,rtr-23,combined,Drop,0,0,0,0
13,rtr-24,combined,Drop,0,0,0,0
13,rtr-25,combined,Drop,0,0,0,0
13,rtr-26,combined,Drop,0,0,0,0
13,rtr-27,combined,Drop,0,0,0,0
13,rtr-28,combined,Drop,0,0,0,0
13,rtr-29,combined,Drop,0,0,0,0
13,rtr-30,combined,Drop,0,0,0,0
13,rtr-31,combined,Drop,0,0,0,0
13,rtr-32,combined,Drop,0,0,0,0
13,rtr-33,combined,Drop,0,0,0,0
13,rtr-34,combined,Drop,0,0,0,0
13,rtr-35,combined,Drop,0,0,0,0
13,rtr-36,combined,Drop,0,0,0,0
13,rtr-37,combined,Drop,0,0,0,0
13.5,rtr-1,combined,Drop,0,0,0,0
13.5,rtr-2,combined,Drop,0,0,0,0
13.5,rtr-3,combined,Drop,0,0,0,0
13.5,rtr-4,combined,Drop,0,0,0,0
13.5,rtr-5,combined,Drop,0,0,0,0
13.5,rtr-6,combined,Drop,0,0,0,0
13.5,rtr-7,combined,Drop,0,0,0,0
13.5,rtr-8,combined,Drop,0,0,0,0
13.5,rtr-9,combined,Drop,0,0,0,0
13.5,rtr-10,combined,Drop,0,0,0,0
13.5,rtr-11,combined,Drop,0,0,0,0
13.5,rtr-12,combined,Drop,0,0,0,0
13.5,rtr-13,combined,Drop,0,0,0,0
13.5,rtr-14,combined,Drop,0,0,0,0
13.5,rtr-15,combined,Drop,0,0,0,0
13.5,rtr-16,combined,Drop,0,0,0,0
13.5,rtr-17,combined,Drop,0,0,0,0
13.5,rtr-18,combined,Drop,0,0,0,0
13.5,rtr-19,combined,Drop,0,0,0,0
13.5,rtr-20,combined,Drop,0,0,0,0
13.5,rtr-21,combined,Drop,0,0,0,0
13.5,rtr-22,combined,Drop,0,0,0,0
13.5,rtr-23,combined,Drop,0,0,0,0
13.5,rtr-24,combined,Drop,0,0,0,0
13.5,rtr-25,combined,Drop,0,0,0,0
13.5,rtr-26,combined,Drop,0,0,0,0
13.5,rtr-27,combined,Drop,0,0,0,0
13.5,rtr-28,combined,Drop,0,0,0,0
13.5,rtr-29,combined,Drop,0,0,0,0
13.5,rtr-30,combined,Drop,0,0,0,0
13.5,rtr-31,combined,Drop,0,0,0,0
13.5,rtr-32,combined,Drop,0,0,0,0
13.5,rtr-33,combined,Drop,0,0,0,0
13.5,rtr-34,combined,Drop,0,0,0,0
13.5,rtr-35,combined,Drop,0,0,0,0
13.5,rtr-36,combined,Drop,0,0,0,0
13.5,rtr-37,combined,Drop,0,0,0,0
14,rtr-1,combined,Drop,0,0,0,0
14,rtr-2,combined,Drop,0,0,0,0
14,rtr-3,combined,Drop,0,0,0,0
14,rtr-4,combined,Drop,0,0,0,0
14,rtr-5,combined,Drop,0,0,0,0
14,rtr-6,combined,Drop,0,0,0,0
14,rtr-7,combined,Drop,0,0,0,0
14,rtr-8,combined,Drop,0,0,0,0
14,rtr-9,combined,Drop,0,0,0,0
14,rtr-10,combined,Drop,0,0,0,0
14,rtr-11,combined,Drop,0,0,0,0
14,rtr-12,combined,Drop,0,0,0,0
14,rtr-13,combined,Drop,0,0,0,0
14,rtr-14,combined,Drop,0,0,0,0
14,rtr-15,combined,Drop,0,0,0,0
14,rtr-16,combined,Drop,0,0,0,0
14,rtr-17,combined,Drop,0,0,0,0
14,rtr-18,combined,Drop,0,0,0,0
14,rtr-19,combined,Drop,0,0,0,0
14,rtr-20,combined,Drop,0,0,0,0
14,rtr-21,combined,Drop,0,0,0,0
14,rtr-22,combined,Drop,0,0,0,0
14,rtr-23,combined,Drop,0,0,0,0
14,rtr-24,combined,Drop,0,0,0,0
14,rtr-25,combined,Drop,0,0,0,0
14,rtr-26,combined,Drop,0,0,0,0
14,rtr-27,combined,Drop,0,0,0,0
14,rtr-28,combined,Drop,0,0,0,0
14,rtr-29,combined,Drop,0,0,0,0
14,rtr-30,combined,Drop,0,0,0,0
14,rtr-31,combined,Drop,0,0,0,0
14,rtr-32,combined,Drop,0,0,0,0
14,rtr-33,combined,Drop,0,0,0,0
14,rtr-34,combined,Drop,0,0,0,0
14,rtr-35,combined,Drop,0,0,0,0
14,rtr-36,combined,Drop,0,0,0,0
14,rtr-37,combined,Drop,0,0,0,0
14.5,rtr-1,combined,Drop,0,0,0,0
14.5,rtr-2,combined,Drop,0,0,0,0
14.5,rtr-3,combined,Drop,0,0,0,0
14.5,rtr-4,combined,Drop,0,0,0,0
14.5,rtr-5,combined,Drop,0,0,0,0
14.5,rtr-6,combined,Drop,0,0,0,0
14.5,rtr-7,combined,Drop,0,0,0,0
14.5,rtr-8,combined,Drop,0,0,0,0
14.5,rtr-9,combined,Drop,0,0,0,0
14.5,rtr-10,combined,Drop,0,0,0,0
14.5,rtr-11,combined,Drop,0,0,0,0
14.5,rtr-12,combined,Drop,0,0,0,0
14.5,rtr-13,combined,Drop,0,0,0,0
14.5,rtr-14,combined,Drop,0,0,0,0
14.5,rtr-15,combined,Drop,0,0,0,0
14.5,rtr-16,combined,Drop,0,0,0,0
14.5,rtr-17,combined,Drop,0,0,0,0
14.5,rtr-18,combined,Drop,0,0,0,0
14.5,rtr-19,combined,Drop,0,0,0,0
14.5,rtr-20,combined,Drop,0,0,0,0
14.5,rtr-21,combined,Drop,0,0,0,0
14.5,rtr-22,combined,Drop,0,0,0,0
14.5,rtr-23,combined,Drop,0,0,0,0
14.5,rtr-24,combined,Drop,0,0,0,0
14.5,rtr-25,combined,Drop,0,0,0,0
14.5,rtr-26,combined,Drop,0,0,0,0
14.5,rtr-27,combined,Drop,0,0,0,0
14.5,rtr-28,combined,Drop,0,0,0,0
14.5,rtr-29,combined,Drop,0,0,0,0
14.5,rtr-30,combined,Drop,0,0,0,0
14.5,rtr-31,combined,Drop,0,0,0,0
14.5,rtr-32,combined,Drop,0,0,0,0
14.5,rtr-33,combined,Drop,0,0,0,0
14.5,rtr-34,combined,Drop,0,0,0,0
14.5,rtr-35,combined,Drop,0,0,0,0
14.5,rtr-36,combined,Drop,0,0,0,0
14.5,rtr-37,combined,Drop,0,0,0,0
15,rtr-1,combined,Drop,0,0,0,0
15,rtr-2,combined,Drop,0,0,0,0
15,rtr-3,combined,Drop,0,0,0,0
15,rtr-4,combined,Drop,0,0,0,0
15,rtr-5,combined,Drop,0,0,0,0
15,rtr-6,combined,Drop,0,0,0,0
15,rtr-7,combined,Drop,0,0,0,0
15,rtr-8,combined,Drop,0,0,0,0
15,rtr-9,combined,Drop,0,0,0,0
15,rtr-10,combined,Drop,0,0,0,0
15,rtr-11,combined,Drop,0,0,0,0
15,rtr-12,combined,Drop,0,0,0,0
15,rtr-13,combined,Drop,0,0,0,0
15,rtr-14,combined,Drop,0,0,0,0
15,rtr-15,combined,Drop,0,0,0,0
15,rtr-16,combined,Drop,0,0,0,0
15,rtr-17,combined,Drop,0,0,0,0
15,rtr-18,combined,Drop,0,0,0,0
15,rtr-19,combined,Drop,0,0,0,0
15,rtr-20,combined,Drop,0,0,0,0
15,rtr-21,combined,Drop,0,0,0,0
15,rtr-22,combined,Drop,0,0,0,0
15,rtr-23,combined,Drop,0,0,0,0
15,rtr-24,combined,Drop,0,0,0,0
15,rtr-25,combined,Drop,0,0,0,0
15,rtr-26,combined,Drop,0,0,0,0
15,rtr-27,combined,Drop,0,0,0,0
15,rtr-28,combined,Drop,0,0,0,0
15,rtr-29,combined,Drop,0,0,0,0
15,rtr-30,combined,Drop,0,0,0,0
15,rtr-31,combined,Drop,0,0,0,0
15,rtr-32,combined,Drop,0,0,0,0
15,rtr-33,combined,Drop,0,0,0,0
15,rtr-34,combined,Drop,0,0,0,0
15,rtr-35,combined,Drop,0,0,0,0
15,rtr-36,combined,Drop,0,0,0,0
15,rtr-37,combined,Drop,0,0,0,0
15.5,rtr-1,combined,Drop,0,0,0,0
15.5,rtr-2,combined,Drop,0,0,0,0
15.5,rtr-3,combined,Drop,0,0,0,0
15.5,rtr-4,combined,Drop,0,0,0,0
15.5,rtr-5,combined,Drop,0,0,0,0
15.5,rtr-6,combined,Drop,0,0,0,0
15.5,rtr-7,combined,Drop,0,0,0,0
15.5,rtr-8,combined,Drop,0,0,0,0
15.5,rtr-9,combined,Drop,0,0,0,0
15.5,rtr-10,combined,Drop,0,0,0,0
15.5,rtr-11,combined,Drop,0,0,0,0
15.5,rtr-12,combined,Drop,0,0,0,0
15.5,rtr-13,combined,Drop,0,0,0,0
15.5,rtr-14,combined,Drop,0,0,0,0
15.5,rtr-15,combined,Drop,0,0,0,0
15.5,rtr-16,combined,Drop,0,0,0,0
15.5,rtr-17,combined,Drop,0,0,0,0
15.5,rtr-18,combined,Drop,0,0,0,0
15.5,rtr-19,combined,Drop,0,0,0,0
15.5,rtr-20,combined,Drop,0,0,0,0
15.5,rtr-21,combined,Drop,0,0,0,0
15.5,rtr-22,combined,Drop,0,0,0,0
15.5,rtr-23,combined,Drop,0,0,0,0
15.5,rtr-24,combined,Drop,0,0,0,0
15.5,rtr-25,combined,Drop,0,0,0,0
15.5,rtr-26,combined,Drop,0,0,0,0
15.5,rtr-27,combined,Drop,0,0,0,0
15.5,rtr-28,combined,Drop,0,0,0,0
15.5,rtr-29,combined,Drop,0,0,0,0
15.5,rtr-30,combined,Drop,0,0,0,0
15.5,rtr-31,combined,Drop,0,0,0,0
15.5,rtr-32,combined,Drop,0,0,0,0
15.5,rtr-33,combined,Drop,0,0,0,0
15.5,rtr-34,combined,Drop,0,0,0,0
15.5,rtr-35,combined,Drop,0,0,0,0
15.5,rtr-36,combined,Drop,0,0,0,0
15.5,rtr-37,combined,Drop,0,0,0,0
16,rtr-1,combined,Drop,0,0,0,0
16,rtr-2,combined,Drop,0,0,0,0
16,rtr-3,combined,Drop,0,0,0,0
16,rtr-4,combined,Drop,0,0,0,0
16,rtr-5,combined,Drop,0,0,0,0
16,rtr-6,combined,Drop,0,0,0,0
16,rtr-7,combined,Drop,0,0,0,0
16,rtr-8,combined,Drop,0,0,0,0
16,rtr-9,combined,Drop,0,0,0,0
16,rtr-10,combined,Drop,0,0,0,0
16,rtr-11,combined,Drop,0,0,0,0
16,rtr-12,combined,Drop,0,0,0,0
16,rtr-13,combined,Drop,0,0,0,0
16,rtr-14,combined,Drop,0,0,0,0
16,rtr-15,combined,Drop,0,0,0,0
16,rtr-16,combined,Drop,0,0,0,0
16,rtr-17,combined,Drop,0,0,0,0
16,rtr-18,combined,Drop,0,0,0,0
16,rtr-19,combined,Drop,0,0,0,0
16,rtr-20,combined,Drop,0,0,0,0
16,rtr-21,combined,Drop,0,0,0,0
16,rtr-22,combined,Drop,0,0,0,0
16,rtr-23,combined,Drop,0,0,0,0
16,rtr-24,combined,Drop,0,0,0,0
16,rtr-25,combined,Drop,0,0,0,0
16,rtr-26,combined,Drop,0,0,0,0
16,rtr-27,combined,Drop,0,0,0,0
16,rtr-28,combined,Drop,0,0,0,0
16,rtr-29,combined,Drop,0,0,0,0
16,rtr-30,combined,Drop,0,0,0,0
16,rtr-31,combined,Drop,0,0,0,0
16,rtr-32,combined,Drop,0,0,0,0
16,rtr-33,combined,Drop,0,0,0,0
16,rtr-34,combined,Drop,0,0,0,0
16,rtr-35,combined,Drop,0,0,0,0
16,rtr-36,combined,Drop,0,0,0,0
16,rtr-37,combined,Drop,0,0,0,0
16.5,rtr-1,combined,Drop,0,0,0,0
16.5,rtr-2,combined,Drop,0,0,0,0
16.5,rtr-3,combined,Drop,0,0,0,0
16.5,rtr-4,combined,Drop,0,0,0,0
16.5,rtr-5,combined,Drop,0,0,0,0
16.5,rtr-6,combined,Drop,0,0,0,0
16.5,rtr-7,combined,Drop,0,0,0,0
16.5,rtr-8,combined,Drop,0,0,0,0
16.5,rtr-9,combined,Drop,0,0,0,0
16.5,rtr-10,combined,Drop,0,0,0,0
16.5,rtr-11,combined,Drop,0,0,0,0
16.5,rtr-12,combined,Drop,0,0,0,0
16.5,rtr-13,combined,Drop,0,0,0,0
16.5,rtr-14,combined,Drop,0,0,0,0
16.5,rtr-15,combined,Drop,0,0,0,0
16.5,rtr-16,combined,Drop,0,0,0,0
16.5,rtr-17,combined,Drop,0,0,0,0
16.5,rtr-18,combined,Drop,0,0,0,0
16.5,rtr-19,combined,Drop,0,0,0,0
16.5,rtr-20,combined,Drop,0,0,0,0
16.5,rtr-21,combined,Drop,0,0,0,0
16.5,rtr-22,combined,Drop,0,0,0,0
16.5,rtr-23,combined,Drop,0,0,0,0
16.5,rtr-24,combined,Drop,0,0,0,0
16.5,rtr-25,combined,Drop,0,0,0,0
16.5,rtr-26,combined,Drop,0,0,0,0
16.5,rtr-27,combined,Drop,0,0,0,0
16.5,rtr-28,combined,Drop,0,0,0,0
16.5,rtr-29,combined,Drop,0,0,0,0
16.5,rtr-30,combined,Drop,0,0,0,0
16.5,rtr-31,combined,Drop,0,0,0,0
16.5,rtr-32,combined,Drop,0,0,0,0
16.5,rtr-33,combined,Drop,0,0,0,0
16.5,rtr-34,combined,Drop,0,0,0,0
16.5,rtr-35,combined,Drop,0,0,0,0
16.5,rtr-36,combined,Drop,0,0,0,0
16.5,rtr-37,combined,Drop,0,0,0,0
17,rtr-1,combined,Drop,0,0,0,0
17,rtr-2,combined,Drop,0,0,0,0
17,rtr-3,combined,Drop,0,0,0,0
17,rtr-4,combined,Drop,0,0,0,0
17,rtr-5,combined,Drop,0,0,0,0
17,rtr-6,combined,Drop,0,0,0,0
17,rtr-7,combined,Drop,0,0,0,0
17,rtr-8,combined,Drop,0,0,0,0
17,rtr-9,combined,Drop,0,0,0,0
17,rtr-10,combined,Drop,0,0,0,0
17,rtr-11,combined,Drop,0,0,0,0
17,rtr-12,combined,Drop,0,0,0,0
17,rtr-13,combined,Drop,0,0,0,0
17,rtr-14,combined,Drop,0,0,0,0
17,rtr-15,combined,Drop,0,0,0,0
17,rtr-16,combined,Drop,0,0,0,0
17,rtr-17,combined,Drop,0,0,0,0
17,rtr-18,combined,Drop,0,0,0,0
17,rtr-19,combined,Drop,0,0,0,0
17,rtr-20,combined,Drop,0,0,0,0
17,rtr-21,combined,Drop,0,0,0,0
17,rtr-22,combined,Drop,0,0,0,0
17,rtr-23,combined,Drop,0,0,0,0
17,rtr-24,combined,Drop,0,0,0,0
17,rtr-25,combined,Drop,0,0,0,0
17,rtr-26,combined,Drop,0,0,0,0
17,rtr-27,combined,Drop,0,0,0,0
17,rtr-28,combined,Drop,0,0,0,0
17,rtr-29,combined,Drop,0,0,0,0
17,rtr-30,combined,Drop,0,0,0,0
17,rtr-31,combined,Drop,0,0,0,0
17,rtr-32,combined,Drop,0,0,0,0
17,rtr-33,combined,Drop,0,0,0,0
17,rtr-34,combined,Drop,0,0,0,0
17,rtr-35,combined,Drop,0,0,0,0
17,rtr-36,combined,Drop,0,0,0,0
17,rtr-37,combined,Drop,0,0,0,0
17.5,rtr-1,combined,Drop,0,0,0,0
17.5,rtr-2,combined,Drop,0,0,0,0
17.5,rtr-3,combined,Drop,0,0,0,0
17.5,rtr-4,combined,Drop,0,0,0,0
17.5,rtr-5,combined,Drop,0,0,0,0
17.5,rtr-6,combined,Drop,0,0,0,0
17.5,rtr-7,combined,Drop,0,0,0,0
17.5,rtr-8,combined,Drop,0,0,0,0
17.5,rtr-9,combined,Drop,0,0,0,0
17.5,rtr-10,combined,Drop,0,0,0,0
17.5,rtr-11,combined,Drop,0,0,0,0
17.5,rtr-12,combined,Drop,0,0,0,0
17.5,rtr-13,combined,Drop,0,0,0,0
17.5,rtr-14,combined,Drop,0,0,0,0
17.5,rtr-15,combined,Drop,0,0,0,0
17.5,rtr-16,combined,Drop,0,0,0,0
17.5,rtr-17,combined,Drop,0,0,0,0
17.5,rtr-18,combined,Drop,0,0,0,0
17.5,rtr-19,combined,Drop,0,0,0,0
17.5,rtr-20,combined,Drop,0,0,0,0
17.5,rtr-21,combined,Drop,0,0,0,0
17.5,rtr-22,combined,Drop,0,0,0,0
17.5,rtr-23,combined,Drop,0,0,0,0
17.5,rtr-24,combined,Drop,0,0,0,0
17.5,rtr-25,combined,Drop,0,0,0,0
17.5,rtr-26,combined,Drop,0,0,0,0
17.5,rtr-27,combined,Drop,0,0,0,0
17.5,rtr-28,combined,Drop,0,0,0,0
17.5,rtr-29,combined,Drop,0,0,0,0
17.5,rtr-30,combined,Drop,0,0,0,0
17.5,rtr-31,combined,Drop,0,0,0,0
17.5,rtr-32,combined,Drop,0,0,0,0
17.5,rtr-33,combined,Drop,0,0,0,0
17.5,rtr-34,combined,Drop,0,0,0,0
17.5,rtr-35,combined,Drop,0,0,0,0
17.5,rtr-36,combined,Drop,0,0,0,0
17.5,rtr-37,combined,Drop,0,0,0,0
18,rtr-1,combined,Drop,0,0,0,0
18,rtr-2,combined,Drop,0,0,0,0
18,rtr-3,combined,Drop,0,0,0,0
18,rtr-4,combined,Drop,0,0,0,0
18,rtr-5,combined,Drop,0,0,0,0
18,rtr-6,combined,Drop,0,0,0,0
18,rtr-7,combined,Drop,0,0,0,0
18,rtr-8,combined,Drop,0,0,0,0
18,rtr-9,combined,Drop,0,0,0,0
18,rtr-10,combined,Drop,0,0,0,0
18,rtr-11,combined,Drop,0,0,0,0
18,rtr-12,combined,Drop,0,0,0,0
18,rtr-13,combined,Drop,0,0,0,0
18,rtr-14,combined,Drop,0,0,0,0
18,rtr-15,combined,Drop,0,0,0,0
18,rtr-16,combined,Drop,0,0,0,0
18,rtr-17,combined,Drop,0,0,0,0
18,rtr-18,combined,Drop,0,0,0,0
18,rtr-19,combined,Drop,0,0,0,0
18,rtr-20,combined,Drop,0,0,0,0
18,rtr-21,combined,Drop,0,0,0,0
18,rtr-22,combined,Drop,0,0,0,0
18,rtr-23,combined,Drop,0,0,0,0
18,rtr-24,combined,Drop,0,0,0,0
18,rtr-25,combined,Drop,0,0,0,0
18,rtr-26,combined,Drop,0,0,0,0
18,rtr-27,combined,Drop,0,0,0,0
18,rtr-28,combined,Drop,0,0,0,0
18,rtr-29,combined,Drop,0,0,0,0
18,rtr-30,combined,Drop,0,0,0,0
18,rtr-31,combined,Drop,0,0,0,0
18,rtr-32,combined,Drop,0,0,0,0
18,rtr-33,combined,Drop,0,0,0,0
18,rtr-34,combined,Drop,0,0,0,0
18,rtr-35,combined,Drop,0,0,0,0
18,rtr-36,combined,Drop,0,0,0,0
18,rtr-37,combined,Drop,0,0,0,0
18.5,rtr-1,combined,Drop,0,0,0,0
18.5,rtr-2,combined,Drop,0,0,0,0
18.5,rtr-3,combined,Drop,0,0,0,0
18.5,rtr-4,combined,Drop,0,0,0,0
18.5,rtr-5,combined,Drop,0,0,0,0
18.5,rtr-6,combined,Drop,0,0,0,0
18.5,rtr-7,combined,Drop,0,0,0,0
18.5,rtr-8,combined,Drop,0,0,0,0
18.5,rtr-9,combined,Drop,0,0,0,0
18.5,rtr-10,combined,Drop,0,0,0,0
18.5,rtr-11,combined,Drop,0,0,0,0
18.5,rtr-12,combined,Drop,0,0,0,0
18.5,rtr-13,combined,Drop,0,0,0,0
18.5,rtr-14,combined,Drop,0,0,0,0
18.5,rtr-15,combined,Drop,0,0,0,0
18.5,rtr-16,combined,Drop,0,0,0,0
18.5,rtr-17,combined,Drop,0,0,0,0
18.5,rtr-18,combined,Drop,0,0,0,0
18.5,rtr-19,combined,Drop,0,0,0,0
18.5,rtr-20,combined,Drop,0,0,0,0
18.5,rtr-21,combined,Drop,0,0,0,0
18.5,rtr-22,combined,Drop,0,0,0,0
18.5,rtr-23,combined,Drop,0,0,0,0
18.5,rtr-24,combined,Drop,0,0,0,0
18.5,rtr-25,combined,Drop,0,0,0,0
18.5,rtr-26,combined,Drop,0,0,0,0
18.5,rtr-27,combined,Drop,0,0,0,0
18.5,rtr-28,combined,Drop,0,0,0,0
18.5,rtr-29,combined,Drop,0,0,0,0
18.5,rtr-30,combined,Drop,0,0,0,0
18.5,rtr-31,combined,Drop,0,0,0,0
18.5,rtr-32,combined,Drop,0,0,0,0
18.5,rtr-33,combined,Drop,0,0,0,0
18.5,rtr-34,combined,Drop,0,0,0,0
18.5,rtr-35,combined,Drop,0,0,0,0
18.5,rtr-36,combined,Drop,0,0,0,0
18.5,rtr-37,combined,Drop,0,0,0,0
19,rtr-1,combined,Drop,0,0,0,0
19,rtr-2,combined,Drop,0,0,0,0
19,rtr-3,combined,Drop,0,0,0,0
19,rtr-4,combined,Drop,0,0,0,0
19,rtr-5,combined,Drop,0,0,0,0
19,rtr-6,combined,Drop,0,0,0,0
19,rtr-7,combined,Drop,0,0,0,0
19,rtr-8,combined,Drop,0,0,0,0
19,rtr-9,combined,Drop,0,0,0,0
19,rtr-10,combined,Drop,0,0,0,0
19,rtr-11,combined,Drop,0,0,0,0
19,rtr-12,combined,Drop,0,0,0,0
19,rtr-13,combined,Drop,0,0,0,0
19,rtr-14,combined,Drop,0,0,0,0
19,rtr-15,combined,Drop,0,0,0,0
19,rtr-16,combined,Drop,0,0,0,0
19,rtr-17,combined,Drop,0,0,0,0
19,rtr-18,combined,Drop,0,0,0,0
19,rtr-19,combined,Drop,0,0,0,0
19,rtr-20,combined,Drop,0,0,0,0
19,rtr-21,combined,Drop,0,0,0,0
19,rtr-22,combined,Drop,0,0,0,0
19,rtr-23,combined,Drop,0,0,0,0
19,rtr-24,combined,Drop,0,0,0,0
19,rtr-25,combined,Drop,0,0,0,0
19,rtr-26,combined,Drop,0,0,0,0
19,rtr-27,combined,Drop,0,0,0,0
19,rtr-28,combined,Drop,0,0,0,0
19,rtr-29,combined,Drop,0,0,0,0
19,rtr-30,combined,Drop,0,0,0,0
19,rtr-31,combined,Drop,0,0,0,0
19,rtr-32,combined,Drop,0,0,0,0
19,rtr-33,combined,Drop,0,0,0,0
19,rtr-34,combined,Drop,0,0,0,0
19,rtr-35,combined,Drop,0,0,0,0
19,rtr-36,combined,Drop,0,0,0,0
19,rtr-37,combined,Drop,0,0,0,0
19.5,rtr-1,combined,Drop,0,0,0,0
19.5,rtr-2,combined,Drop,0,0,0,0
19.5,rtr-3,combined,Drop,0,0,0,0
19.5,rtr-4,combined,Drop,0,0,0,0
19.5,rtr-5,combined,Drop,0,0,0,0
19.5,rtr-6,combined,Drop,0,0,0,0
19.5,rtr-7,combined,Drop,0,0,0,0
19.5,rtr-8,combined,Drop,0,0,0,0
19.5,rtr-9,combined,Drop,0,0,0,0
19.5,rtr-10,combined,Drop,0,0,0,0
19.5,rtr-11,combined,Drop,0,0,0,0
19.5,rtr-12,combined,Drop,0,0,0,0
19.5,rtr-13,combined,Drop,0,0,0,0
19.5,rtr-14,combined,Drop,0,0,0,0
19.5,rtr-15,combined,Drop,0,0,0,0
19.5,rtr-16,combined,Drop,0,0,0,0
19.5,rtr-17,combined,Drop,0,0,0,0
19.5,rtr-18,combined,Drop,0,0,0,0
19.5,rtr-19,combined,Drop,0,0,0,0
19.5,rtr-20,combined,Drop,0,0,0,0
19.5,rtr-21,combined,Drop,0,0,0,0
19.5,rtr-22,combined,Drop,0,0,0,0
19.5,rtr-23,combined,Drop,0,0,0,0
19.5,rtr-24,combined,Drop,0,0,0,0
19.5,rtr-25,combined,Drop,0,0,0,0
19.5,rtr-26,combined,Drop,0,0,0,0
19.5,rtr-27,combined,Drop,0,0,0,0
19.5,rtr-28,combined,Drop,0,0,0,0
19.5,rtr-29,combined,Drop,0,0,0,0
19.5,rtr-30,combined,Drop,0,0,0,0
19.5,rtr-31,combined,Drop,0,0,0,0
19.5,rtr-32,combined,Drop,0,0,0,0
19.5,rtr-33,combined,Drop,0,0,0,0
19.5,rtr-34,combined,Drop,0,0,0,0
19.5,rtr-35,combined,Drop,0,0,0,0
19.5,rtr-36,combined,Drop,0,0,0,0
19.5,rtr-37,combined,Drop,0,0,0,0
20,rtr-1,combined,Drop,0,0,0,0
20,rtr-2,combined,Drop,0,0,0,0
20,rtr-3,combined,Drop,0,0,0,0
20,rtr-4,combined,Drop,0,0,0,0
20,rtr-5,combined,Drop,0,0,0,0
20,rtr-6,combined,Drop,0,0,0,0
20,rtr-7,combined,Drop,0,0,0,0
20,rtr-8,combined,Drop,0,0,0,0
20,rtr-9,combined,Drop,0,0,0,0
20,rtr-10,combined,Drop,0,0,0,0
20,rtr-11,combined,Drop,0,0,0,0
20,rtr-12,combined,Drop,0,0,0,0
20,rtr-13,combined,Drop,0,0,0,0
20,rtr-14,combined,Drop,0,0,0,0
20,rtr-15,combined,Drop,0,0,0,0
20,rtr-16,combined,Drop,0,0,0,0
20,rtr-17,combined,Drop,0,0,0,0
20,rtr-18,combined,Drop,0,0,0,0
20,rtr-19,combined,Drop,0,0,0,0
20,rtr-20,combined,Drop,0,0,0,0
20,rtr-21,combined,Drop,0,0,0,0
20,rtr-22,combined,Drop,0,0,0,0
20,rtr-23,combined,Drop,0,0,0,0
20,rtr-24,combined,Drop,0,0,0,0
20,rtr-25,combined,Drop,0,0,0,0
20,rtr-26,combined,Drop,0,0,0,0
20,rtr-27,combined,Drop,0,0,0,0
20,rtr-28,combined,Drop,0,0,0,0
20,rtr-29,combined,Drop,0,0,0,0
20,rtr-30,combined,Drop,0,0,0,0
20,rtr-31,combined,Drop,0,0,0,0
20,rtr-32,combined,Drop,0,0,0,0
20,rtr-33,combined,Drop,0,0,0,0
20,rtr-34,combined,Drop,0,0,0,0
20,rtr-35,combined,Drop,0,0,0,0
20,rtr-36,combined,Drop,0,0,0,0
20,rtr-37,combined,Drop,0,0,0,0
20.5,rtr-1,combined,Drop,0,0,0,0
20.5,rtr-2,combined,Drop,0,0,0,0
20.5,rtr-3,combined,Drop,0,0,0,0
20.5,rtr-4,combined,Drop,0,0,0,0
20.5,rtr-5,combined,Drop,0,0,0,0
20.5,rtr-6,combined,Drop,0,0,0,0
20.5,rtr-7,combined,Drop,0,0,0,0
20.5,rtr-8,combined,Drop,0,0,0,0
20.5,rtr-9,combined,Drop,0,0,0,0
20.5,rtr-10,combined,Drop,0,0,0,0
20.5,rtr-11,combined,Drop,0,0,0,0
20.5,rtr-12,combined,Drop,0,0,0,0
20.5,rtr-13,combined,Drop,0,0,0,0
20.5,rtr-14,combined,Drop,0,0,0,0
20.5,rtr-15,combined,Drop,0,0,0,0
20.5,rtr-16,combined,Drop,0,0,0,0
20.5,rtr-17,combined,Drop,0,0,0,0
20.5,rtr-18,combined,Drop,0,0,0,0
20.5,rtr-19,combined,Drop,0,0,0,0
20.5,rtr-20,combined,Drop,0,0,0,0
20.5,rtr-21,combined,Drop,0,0,0,0
20.5,rtr-22,combined,Drop,0,0,0,0
20.5,rtr-23,combined,Drop,0,0,0,0
20.5,rtr-24,combined,Drop,0,0,0,0
20.5,rtr-25,combined,Drop,0,0,0,0
20.5,rtr-26,combined,Drop,0,0,0,0
20.5,rtr-27,combined,Drop,0,0,0,0
20.5,rtr-28,combined,Drop,0,0,0,0
20.5,rtr-29,combined,Drop,0,0,0,0
20.5,rtr-30,combined,Drop,0,0,0,0
20.5,rtr-31,combined,Drop,0,0,0,0
20.5,rtr-32,combined,Drop,0,0,0,0
20.5,rtr-33,combined,Drop,0,0,0,0
20.5,rtr-34,combined,Drop,0,0,0,0
20.5,rtr-35,combined,Drop,0,0,0,0
20.5,rtr-36,combined,Drop,0,0,0,0
20.5,rtr-37,combined,Drop,0,0,0,0
21,rtr-1,combined,Drop,0,0,0,0
21,rtr-2,combined,Drop,0,0,0,0
21,rtr-3,combined,Drop,0,0,0,0
21,rtr-4,combined,Drop,0,0,0,0
21,rtr-5,combined,Drop,0,0,0,0
21,rtr-6,combined,Drop,0,0,0,0
21,rtr-7,combined,Drop,0,0,0,0
21,rtr-8,combined,Drop,0,0,0,0
21,rtr-9,combined,Drop,0,0,0,0
21,rtr-10,combined,Drop,0,0,0,0
21,rtr-11,combined,Drop,0,0,0,0
21,rtr-12,combined,Drop,0,0,0,0
21,rtr-13,combined,Drop,0,0,0,0
21,rtr-14,combined,Drop,0,0,0,0
21,rtr-15,combined,Drop,0,0,0,0
21,rtr-16,combined,Drop,0,0,0,0
21,rtr-17,combined,Drop,0,0,0,0
21,rtr-18,combined,Drop,0,0,0,0
21,rtr-19,combined,Drop,0,0,0,0
21,rtr-20,combined,Drop,0,0,0,0
21,rtr-21,combined,Drop,0,0,0,0
21,rtr-22,combined,Drop,0,0,0,0
21,rtr-23,combined,Drop,0,0,0,0
21,rtr-24,combined,Drop,0,0,0,0
21,rtr-25,combined,Drop,0,0,0,0
21,rtr-26,combined,Drop,0,0,0,0
21,rtr-27,combined,Drop,0,0,0,0
21,rtr-28,combined,Drop,0,0,0,0
21,rtr-29,combined,Drop,0,0,0,0
21,rtr-30,combined,Drop,0,0,0,0
21,rtr-31,combined,Drop,0,0,0,0
21,rtr-32,combined,Drop,0,0,0,0
21,rtr-33,combined,Drop,0,0,0,0
21,rtr-34,combined,Drop,0,0,0,0
21,rtr-35,combined,Drop,0,0,0,0
21,rtr-36,combined,Drop,0,0,0,0
21,rtr-37,combined,Drop,0,0,0,0
21.5,rtr-1,combined,Drop,0,0,0,0
21.5,rtr-2,combined,Drop,0,0,0,0
21.5,rtr-3,combined,Drop,0,0,0,0
21.5,rtr-4,combined,Drop,0,0,0,0
21.5,rtr-5,combined,Drop,0,0,0,0
21.5,rtr-6,combined,Drop,0,0,0,0
21.5,rtr-7,combined,Drop,0,0,0,0
21.5,rtr-8,combined,Drop,0,0,0,0
21.5,rtr-9,combined,Drop,0,0,0,0
21.5,rtr-10,combined,Drop,0,0,0,0
21.5,rtr-11,combined,Drop,0,0,0,0
21.5,rtr-12,combined,Drop,0,0,0,0
21.5,rtr-13,combined,Drop,0,0,0,0
21.5,rtr-14,combined,Drop,0,0,0,0
21.5,rtr-15,combined,Drop,0,0,0,0
21.5,rtr-16,combined,Drop,0,0,0,0
21.5,rtr-17,combined,Drop,0,0,0,0
21.5,rtr-18,combined,Drop,0,0,0,0
21.5,rtr-19,combined,Drop,0,0,0,0
21.5,rtr-20,combined,Drop,0,0,0,0
21.5,rtr-21,combined,Drop,0,0,0,0
21.5,rtr-22,combined,Drop,0,0,0,0
21.5,rtr-23,combined,Drop,0,0,0,0
21.5,rtr-24,combined,Drop,0,0,0,0
21.5,rtr-25,combined,Drop,0,0,0,0
21.5,rtr-26,combined,Drop,0,0,0,0
21.5,rtr-27,combined,Drop,0,0,0,0
21.5,rtr-28,combined,Drop,0,0,0,0
21.5,rtr-29,combined,Drop,0,0,0,0
21.5,rtr-30,combined,Drop,0,0,0,0
21.5,rtr-31,combined,Drop,0,0,0,0
21.5,rtr-32,combined,Drop,0,0,0,0
21.5,rtr-33,combined,Drop,0,0,0,0
21.5,rtr-34,combined,Drop,0,0,0,0
21.5,rtr-35,combined,Drop,0,0,0,0
21.5,rtr-36,combined,Drop,0,0,0,0
21.5,rtr-37,combined,Drop,0,0,0,0
22,rtr-1,combined,Drop,0,0,0,0
22,rtr-2,combined,Drop,0,0,0,0
22,rtr-3,combined,Drop,0,0,0,0
22,rtr-4,combined,Drop,0,0,0,0
22,rtr-5,combined,Drop,0,0,0,0
22,rtr-6,combined,Drop,0,0,0,0
22,rtr-7,combined,Drop,0,0,0,0
22,rtr-8,combined,Drop,0,0,0,0
22,rtr-9,combined,Drop,0,0,0,0
22,rtr-10,combined,Drop,0,0,0,0
22,rtr-11,combined,Drop,0,0,0,0
22,rtr-12,combined,Drop,0,0,0,0
22,rtr-13,combined,Drop,0,0,0,0
22,rtr-14,combined,Drop,0,0,0,0
22,rtr-15,combined,Drop,0,0,0,0
22,rtr-16,combined,Drop,0,0,0,0
22,rtr-17,combined,Drop,0,0,0,0
22,rtr-18,combined,Drop,0,0,0,0
22,rtr-19,combined,Drop,0,0,0,0
22,rtr-20,combined,Drop,0,0,0,0
22,rtr-21,combined,Drop,0,0,0,0
22,rtr-22,combined,Drop,0,0,0,0
22,rtr-23,combined,Drop,0,0,0,0
22,rtr-24,combined,Drop,0,0,0,0
22,rtr-25,combined,Drop,0,0,0,0
22,rtr-26,combined,Drop,0,0,0,0
22,rtr-27,combined,Drop,0,0,0,0
22,rtr-28,combined,Drop,0,0,0,0
22,rtr-29,combined,Drop,0,0,0,0
22,rtr-30,combined,Drop,0,0,0,0
22,rtr-31,combined,Drop,0,0,0,0
22,rtr-32,combined,Drop,0,0,0,0
22,rtr-33,combined,Drop,0,0,0,0
22,rtr-34,combined,Drop,0,0,0,0
22,rtr-35,combined,Drop,0,0,0,0
22,rtr-36,combined,Drop,0,0,0,0
22,rtr-37,combined,Drop,0,0,0,0
22.5,rtr-1,combined,Drop,0,0,0,0
22.5,rtr-2,combined,Drop,0,0,0,0
22.5,rtr-3,combined,Drop,0,0,0,0
22.5,rtr-4,combined,Drop,0,0,0,0
22.5,rtr-5,combined,Drop,0,0,0,0
22.5,rtr-6,combined,Drop,0,0,0,0
22.5,rtr-7,combined,Drop,0,0,0,0
22.5,rtr-8,combined,Drop,0,0,0,0
22.5,rtr-9,combined,Drop,0,0,0,0
22.5,rtr-10,combined,Drop,0,0,0,0
22.5,rtr-11,combined,Drop,0,0,0,0
22.5,rtr-12,combined,Drop,0,0,0,0
22.5,rtr-13,combined,Drop,0,0,0,0
22.5,rtr-14,combined,Drop,0,0,0,0
22.5,rtr-15,combined,Drop,0,0,0,0
22.5,rtr-16,combined,Drop,0,0,0,0
22.5,rtr-17,combined,Drop,0,0,0,0
22.5,rtr-18,combined,Drop,0,0,0,0
22.5,rtr-19,combined,Drop,0,0,0,0
22.5,rtr-20,combined,Drop,0,0,0,0
22.5,rtr-21,combined,Drop,0,0,0,0
22.5,rtr-22,combined,Drop,0,0,0,0
22.5,rtr-23,combined,Drop,0,0,0,0
22.5,rtr-24,combined,Drop,0,0,0,0
22.5,rtr-25,combined,Drop,0,0,0,0
22.5,rtr-26,combined,Drop,0,0,0,0
22.5,rtr-27,combined,Drop,0,0,0,0
22.5,rtr-28,combined,Drop,0,0,0,0
22.5,rtr-29,combined,Drop,0,0,0,0
22.5,rtr-30,combined,Drop,0,0,0,0
22.5,rtr-31,combined,Drop,0,0,0,0
22.5,rtr-32,combined,Drop,0,0,0,0
22.5,rtr-33,combined,Drop,0,0,0,0
22.5,rtr-34,combined,Drop,0,0,0,0
22.5,rtr-35,combined,Drop,0,0,0,0
22.5,rtr-36,combined,Drop,0,0,0,0
22.5,rtr-37,combined,Drop,0,0,0,0
23,rtr-1,combined,Drop,0,0,0,0
23,rtr-2,combined,Drop,0,0,0,0
23,rtr-3,combined,Drop,0,0,0,0
23,rtr-4,combined,Drop,0,0,0,0
23,rtr-5,combined,Drop,0,0,0,0
23,rtr-6,combined,Drop,0,0,0,0
23,rtr-7,combined,Drop,0,0,0,0
23,rtr-8,combined,Drop,0,0,0,0
23,rtr-9,combined,Drop,0,0,0,0
23,rtr-10,combined,Drop,0,0,0,0
23,rtr-11,combined,Drop,0,0,0,0
23,rtr-12,combined,Drop,0,0,0,0
23,rtr-13,combined,Drop,0,0,0,0
23,rtr-14,combined,Drop,0,0,0,0
23,rtr-15,combined,Drop,0,0,0,0
23,rtr-16,combined,Drop,0,0,0,0
23,rtr-17,combined,Drop,0,0,0,0
23,rtr-18,combined,Drop,0,0,0,0
23,rtr-19,combined,Drop,0,0,0,0
23,rtr-20,combined,Drop,0,0,0,0
23,rtr-21,combined,Drop,0,0,0,0
23,rtr-22,combined,Drop,0,0,0,0
23,rtr-23,combined,Drop,0,0,0,0
23,rtr-24,combined,Drop,0,0,0,0
23,rtr-25,combined,Drop,0,0,0,0
23,rtr-26,combined,Drop,0,0,0,0
23,rtr-27,combined,Drop,0,0,0,0
23,rtr-28,combined,Drop,0,0,0,0
23,rtr-29,combined,Drop,0,0,0,0
23,rtr-30,combined,Drop,0,0,0,0
23,rtr-31,combined,Drop,0,0,0,0
23,rtr-32,combined,Drop,0,0,0,0
23,rtr-33,combined,Drop,0,0,0,0
23,rtr-34,combined,Drop,0,0,0,0
23,rtr-35,combined,Drop,0,0,0,0
23,rtr-36,combined,Drop,0,0,0,0
23,rtr-37,combined,Drop,0,0,0,0
23.5,rtr-1,combined,Drop,0,0,0,0
23.5,rtr-2,combined,Drop,0,0,0,0
23.5,rtr-3,combined,Drop,0,0,0,0
23.5,rtr-4,combined,Drop,0,0,0,0
23.5,rtr-5,combined,Drop,0,0,0,0
23.5,rtr-6,combined,Drop,0,0,0,0
23.5,rtr-7,combined,Drop,0,0,0,0
23.5,rtr-8,combined,Drop,0,0,0,0
23.5,rtr-9,combined,Drop,0,0,0,0
23.5,rtr-10,combined,Drop,0,0,0,0
23.5,rtr-11,combined,Drop,0,0,0,0
23.5,rtr-12,combined,Drop,0,0,0,0
23.5,rtr-13,combined,Drop,0,0,0,0
23.5,rtr-14,combined,Drop,0,0,0,0
23.5,rtr-15,combined,Drop,0,0,0,0
23.5,rtr-16,combined,Drop,0,0,0,0
23.5,rtr-17,combined,Drop,0,0,0,0
23.5,rtr-18,combined,Drop,0,0,0,0
23.5,rtr-19,combined,Drop,0,0,0,0
23.5,rtr-20,combined,Drop,0,0,0,0
23.5,rtr-21,combined,Drop,0,0,0,0
23.5,rtr-22,combined,Drop,0,0,0,0
23.5,rtr-23,combined,Drop,0,0,0,0
23.5,rtr-24,combined,Drop,0,0,0,0
23.5,rtr-25,combined,Drop,0,0,0,0
23.5,rtr-26,combined,Drop,0,0,0,0
23.5,rtr-27,combined,Drop,0,0,0,0
23.5,rtr-28,combined,Drop,0,0,0,0
23.5,rtr-29,combined,Drop,0,0,0,0
23.5,rtr-30,combined,Drop,0,0,0,0
23.5,rtr-31,combined,Drop,0,0,0,0
23.5,rtr-32,combined,Drop,0,0,0,0
23.5,rtr-33,combined,Drop,0,0,0,0
23.5,rtr-34,combined,Drop,0,0,0,0
23.5,rtr-35,combined,Drop,0,0,0,0
23.5,rtr-36,combined,Drop,0,0,0,0
23.5,rtr-37,combined,Drop,0,0,0,0
24,rtr-1,combined,Drop,0,0,0,0
24,rtr-2,combined,Drop,0,0,0,0
24,rtr-3,combined,Drop,0,0,0,0
24,rtr-4,combined,Drop,0,0,0,0
24,rtr-5,combined,Drop,0,0,0,0
24,rtr-6,combined,Drop,0,0,0,0
24,rtr-7,combined,Drop,0,0,0,0
24,rtr-8,combined,Drop,0,0,0,0
24,rtr-9,combined,Drop,0,0,0,0
24,rtr-10,combined,Drop,0,0,0,0
24,rtr-11,combined,Drop,0,0,0,0
24,rtr-12,combined,Drop,0,0,0,0
24,rtr-13,combined,Drop,0,0,0,0
24,rtr-14,combined,Drop,0,0,0,0
24,rtr-15,combined,Drop,0,0,0,0
24,rtr-16,combined,Drop,0,0,0,0
24,rtr-17,combined,Drop,0,0,0,0
24,rtr-18,combined,Drop,0,0,0,0
24,rtr-19,combined,Drop,0,0,0,0
24,rtr-20,combined,Drop,0,0,0,0
24,rtr-21,combined,Drop,0,0,0,0
24,rtr-22,combined,Drop,0,0,0,0
24,rtr-23,combined,Drop,0,0,0,0
24,rtr-24,combined,Drop,0,0,0,0
24,rtr-25,combined,Drop,0,0,0,0
24,rtr-26,combined,Drop,0,0,0,0
24,rtr-27,combined,Drop,0,0,0,0
24,rtr-28,combined,Drop,0,0,0,0
24,rtr-29,combined,Drop,0,0,0,0
24,rtr-30,combined,Drop,0,0,0,0
24,rtr-31,combined,Drop,0,0,0,0
24,rtr-32,combined,Drop,0,0,0,0
24,rtr-33,combined,Drop,0,0,0,0
24,rtr-34,combined,Drop,0,0,0,0
24,rtr-35,combined,Drop,0,0,0,0
24,rtr-36,combined,Drop,0,0,0,0
24,rtr-37,combined,Drop,0,0,0,0
24.5,rtr-1,combined,Drop,0,0,0,0
24.5,rtr-2,combined,Drop,0,0,0,0
24.5,rtr-3,combined,Drop,0,0,0,0
24.5,rtr-4,combined,Drop,0,0,0,0
24.5,rtr-5,combined,Drop,0,0,0,0
24.5,rtr-6,combined,Drop,0,0,0,0
24.5,rtr-7,combined,Drop,0,0,0,0
24.5,rtr-8,combined,Drop,0,0,0,0
24.5,rtr-9,combined,Drop,0,0,0,0
24.5,rtr-10,combined,Drop,0,0,0,0
24.5,rtr-11,combined,Drop,0,0,0,0
24.5,rtr-12,combined,Drop,0,0,0,0
24.5,rtr-13,combined,Drop,0,0,0,0
24.5,rtr-14,combined,Drop,0,0,0,0
24.5,rtr-15,combined,Drop,0,0,0,0
24.5,rtr-16,combined,Drop,0,0,0,0
24.5,rtr-17,combined,Drop,0,0,0,0
24.5,rtr-18,combined,Drop,0,0,0,0
24.5,rtr-19,combined,Drop,0,0,0,0
24.5,rtr-20,combined,Drop,0,0,0,0
24.5,rtr-21,combined,Drop,0,0,0,0
24.5,rtr-22,combined,Drop,0,0,0,0
24.5,rtr-23,combined,Drop,0,0,0,0
24.5,rtr-24,combined,Drop,0,0,0,0
24.5,rtr-25,combined,Drop,0,0,0,0
24.5,rtr-26,combined,Drop,0,0,0,0
24.5,rtr-27,combined,Drop,0,0,0,0
24.5,rtr-28,combined,Drop,0,0,0,0
24.5,rtr-29,combined,Drop,0,0,0,0
24.5,rtr-30,combined,Drop,0,0,0,0
24.5,rtr-31,combined,Drop,0,0,0,0
24.5,rtr-32,combined,Drop,0,0,0,0
24.5,rtr-33,combined,Drop,0,0,0,0
24.5,rtr-34,combined,Drop,0,0,0,0
24.5,rtr-35,combined,Drop,0,0,0,0
24.5,rtr-36,combined,Drop,0,0,0,0
24.5,rtr-37,combined,Drop,0,0,0,0
25,rtr-1,combined,Drop,0,0,0,0
25,rtr-2,combined,Drop,0,0,0,0
25,rtr-3,combined,Drop,0,0,0,0
25,rtr-4,combined,Drop,0,0,0,0
25,rtr-5,combined,Drop,0,0,0,0
25,rtr-6,combined,Drop,0,0,0,0
25,rtr-7,combined,Drop,0,0,0,0
25,rtr-8,combined,Drop,0,0,0,0
25,rtr-9,combined,Drop,0,0,0,0
25,rtr-10,combined,Drop,0,0,0,0
25,rtr-11,combined,Drop,0,0,0,0
25,rtr-12,combined,Drop,0,0,0,0
25,rtr-13,combined,Drop,0,0,0,0
25,rtr-14,combined,Drop,0,0,0,0
25,rtr-15,combined,Drop,0,0,0,0
25,rtr-16,combined,Drop,0,0,0,0
25,rtr-17,combined,Drop,0,0,0,0
25,rtr-18,combined,Drop,0,0,0,0
25,rtr-19,combined,Drop,0,0,0,0
25,rtr-20,combined,Drop,0,0,0,0
25,rtr-21,combined,Drop,0,0,0,0
25,rtr-22,combined,Drop,0,0,0,0
25,rtr-23,combined,Drop,0,0,0,0
25,rtr-24,combined,Drop,0,0,0,0
25,rtr-25,combined,Drop,0,0,0,0
25,rtr-26,combined,Drop,0,0,0,0
25,rtr-27,combined,Drop,0,0,0,0
25,rtr-28,combined,Drop,0,0,0,0
25,rtr-29,combined,Drop,0,0,0,0
25,rtr-30,combined,Drop,0,0,0,0
25,rtr-31,combined,Drop,0,0,0,0
25,rtr-32,combined,Drop,0,0,0,0
25,rtr-33,combined,Drop,0,0,0,0
25,rtr-34,combined,Drop,0,0,0,0
25,rtr-35,combined,Drop,0,0,0,0
25,rtr-36,combined,Drop,0,0,0,0
25,rtr-37,combined,Drop,0,0,0,0
25.5,rtr-1,combined,Drop,0,0,0,0
25.5,rtr-2,combined,Drop,0,0,0,0
25.5,rtr-3,combined,Drop,0,0,0,0
25.5,rtr-4,combined,Drop,0,0,0,0
25.5,rtr-5,combined,Drop,0,0,0,0
25.5,rtr-6,combined,Drop,0,0,0,0
25.5,rtr-7,combined,Drop,0,0,0,0
25.5,rtr-8,combined,Drop,0,0,0,0
25.5,rtr-9,combined,Drop,0,0,0,0
25.5,rtr-10,combined,Drop,0,0,0,0
25.5,rtr-11,combined,Drop,0,0,0,0
25.5,rtr-12,combined,Drop,0,0,0,0
25.5,rtr-13,combined,Drop,0,0,0,0
25.5,rtr-14,combined,Drop,0,0,0,0
25.5,rtr-15,combined,Drop,0,0,0,0
25.5,rtr-16,combined,Drop,0,0,0,0
25.5,rtr-17,combined,Drop,0,0,0,0
25.5,rtr-18,combined,Drop,0,0,0,0
25.5,rtr-19,combined,Drop,0,0,0,0
25.5,rtr-20,combined,Drop,0,0,0,0
25.5,rtr-21,combined,Drop,0,0,0,0
25.5,rtr-22,combined,Drop,0,0,0,0
25.5,rtr-23,combined,Drop,0,0,0,0
25.5,rtr-24,combined,Drop,0,0,0,0
25.5,rtr-25,combined,Drop,0,0,0,0
25.5,rtr-26,combined,Drop,0,0,0,0
25.5,rtr-27,combined,Drop,0,0,0,0
25.5,rtr-28,combined,Drop,0,0,0,0
25.5,rtr-29,combined,Drop,0,0,0,0
25.5,rtr-30,combined,Drop,0,0,0,0
25.5,rtr-31,combined,Drop,0,0,0,0
25.5,rtr-32,combined,Drop,0,0,0,0
25.5,rtr-33,combined,Drop,0,0,0,0
25.5,rtr-34,combined,Drop,0,0,0,0
25.5,rtr-35,combined,Drop,0,0,0,0
25.5,rtr-36,combined,Drop,0,0,0,0
25.5,rtr-37,combined,Drop,0,0,0,0
26,rtr-1,combined,Drop,0,0,0,0
26,rtr-2,combined,Drop,0,0,0,0
26,rtr-3,combined,Drop,0,0,0,0
26,rtr-4,combined,Drop,0,0,0,0
26,rtr-5,combined,Drop,0,0,0,0
26,rtr-6,combined,Drop,0,0,0,0
26,rtr-7,combined,Drop,0,0,0,0
26,rtr-8,combined,Drop,0,0,0,0
26,rtr-9,combined,Drop,0,0,0,0
26,rtr-10,combined,Drop,0,0,0,0
26,rtr-11,combined,Drop,0,0,0,0
26,rtr-12,combined,Drop,0,0,0,0
26,rtr-13,combined,Drop,0,0,0,0
26,rtr-14,combined,Drop,0,0,0,0
26,rtr-15,combined,Drop,0,0,0,0
26,rtr-16,combined,Drop,0,0,0,0
26,rtr-17,combined,Drop,0,0,0,0
26,rtr-18,combined,Drop,0,0,0,0
26,rtr-19,combined,Drop,0,0,0,0
26,rtr-20,combined,Drop,0,0,0,0
26,rtr-21,combined,Drop,0,0,0,0
26,rtr-22,combined,Drop,0,0,0,0
26,rtr-23,combined,Drop,0,0,0,0
26,rtr-24,combined,Drop,0,0,0,0
26,rtr-25,combined,Drop,0,0,0,0
26,rtr-26,combined,Drop,0,0,0,0
26,rtr-27,combined,Drop,0,0,0,0
26,rtr-28,combined,Drop,0,0,0,0
26,rtr-29,combined,Drop,0,0,0,0
26,rtr-30,combined,Drop,0,0,0,0
26,rtr-31,combined,Drop,0,0,0,0
26,rtr-32,combined,Drop,0,0,0,0
26,rtr-33,combined,Drop,0,0,0,0
26,rtr-34,combined,Drop,0,0,0,0
26,rtr-35,combined,Drop,0,0,0,0
26,rtr-36,combined,Drop,0,0,0,0
26,rtr-37,combined,Drop,0,0,0,0
26.5,rtr-1,combined,Drop,0,0,0,0
26.5,rtr-2,combined,Drop,0,0,0,0
26.5,rtr-3,combined,Drop,0,0,0,0
26.5,rtr-4,combined,Drop,0,0,0,0
26.5,rtr-5,combined,Drop,0,0,0,0
26.5,rtr-6,combined,Drop,0,0,0,0
26.5,rtr-7,combined,Drop,0,0,0,0
26.5,rtr-8,combined,Drop,0,0,0,0
26.5,rtr-9,combined,Drop,0,0,0,0
26.5,rtr-10,combined,Drop,0,0,0,0
26.5,rtr-11,combined,Drop,0,0,0,0
26.5,rtr-12,combined,Drop,0,0,0,0
26.5,rtr-13,combined,Drop,0,0,0,0
26.5,rtr-14,combined,Drop,0,0,0,0
26.5,rtr-15,combined,Drop,0,0,0,0
26.5,rtr-16,combined,Drop,0,0,0,0
26.5,rtr-17,combined,Drop,0,0,0,0
26.5,rtr-18,combined,Drop,0,0,0,0
26.5,rtr-19,combined,Drop,0,0,0,0
26.5,rtr-20,combined,Drop,0,0,0,0
26.5,rtr-21,combined,Drop,0,0,0,0
26.5,rtr-22,combined,Drop,0,0,0,0
26.5,rtr-23,combined,Drop,0,0,0,0
26.5,rtr-24,combined,Drop,0,0,0,0
26.5,rtr-25,combined,Drop,0,0,0,0
26.5,rtr-26,combined,Drop,0,0,0,0
26.5,rtr-27,combined,Drop,0,0,0,0
26.5,rtr-28,combined,Drop,0,0,0,0
26.5,rtr-29,combined,Drop,0,0,0,0
26.5,rtr-30,combined,Drop,0,0,0,0
26.5,rtr-31,combined,Drop,0,0,0,0
26.5,rtr-32,combined,Drop,0,0,0,0
26.5,rtr-33,combined,Drop,0,0,0,0
26.5,rtr-34,combined,Drop,0,0,0,0
26.5,rtr-35,combined,Drop,0,0,0,0
26.5,rtr-36,combined,Drop,0,0,0,0
26.5,rtr-37,combined,Drop,0,0,0,0
27,rtr-1,combined,Drop,0,0,0,0
27,rtr-2,combined,Drop,0,0,0,0
27,rtr-3,combined,Drop,0,0,0,0
27,rtr-4,combined,Drop,0,0,0,0
27,rtr-5,combined,Drop,0,0,0,0
27,rtr-6,combined,Drop,0,0,0,0
27,rtr-7,combined,Drop,0,0,0,0
27,rtr-8,combined,Drop,0,0,0,0
27,rtr-9,combined,Drop,0,0,0,0
27,rtr-10,combined,Drop,0,0,0,0
27,rtr-11,combined,Drop,0,0,0,0
27,rtr-12,combined,Drop,0,0,0,0
27,rtr-13,combined,Drop,0,0,0,0
27,rtr-14,combined,Drop,0,0,0,0
27,rtr-15,combined,Drop,0,0,0,0
27,rtr-16,combined,Drop,0,0,0,0
27,rtr-17,combined,Drop,0,0,0,0
27,rtr-18,combined,Drop,0,0,0,0
27,rtr-19,combined,Drop,0,0,0,0
27,rtr-20,combined,Drop,0,0,0,0
27,rtr-21,combined,Drop,0,0,0,0
27,rtr-22,combined,Drop,0,0,0,0
27,rtr-23,combined,Drop,0,0,0,0
27,rtr-24,combined,Drop,0,0,0,0
27,rtr-25,combined,Drop,0,0,0,0
27,rtr-26,combined,Drop,0,0,0,0
27,rtr-27,combined,Drop,0,0,0,0
27,rtr-28,combined,Drop,0,0,0,0
27,rtr-29,combined,Drop,0,0,0,0
27,rtr-30,combined,Drop,0,0,0,0
27,rtr-31,combined,Drop,0,0,0,0
27,rtr-32,combined,Drop,0,0,0,0
27,rtr-33,combined,Drop,0,0,0,0
27,rtr-34,combined,Drop,0,0,0,0
27,rtr-35,combined,Drop,0,0,0,0
27,rtr-36,combined,Drop,0,0,0,0
27,rtr-37,combined,Drop,0,0,0,0
27.5,rtr-1,combined,Drop,0,0,0,0
27.5,rtr-2,combined,Drop,0,0,0,0
27.5,rtr-3,combined,Drop,0,0,0,0
27.5,rtr-4,combined,Drop,0,0,0,0
27.5,rtr-5,combined,Drop,0,0,0,0
27.5,rtr-6,combined,Drop,0,0,0,0
27.5,rtr-7,combined,Drop,0,0,0,0
27.5,rtr-8,combined,Drop,0,0,0,0
27.5,rtr-9,combined,Drop,0,0,0,0
27.5,rtr-10,combined,Drop,0,0,0,0
27.5,rtr-11,combined,Drop,0,0,0,0
27.5,rtr-12,combined,Drop,0,0,0,0
27.5,rtr-13,combined,Drop,0,0,0,0
27.5,rtr-14,combined,Drop,0,0,0,0
27.5,rtr-15,combined,Drop,0,0,0,0
27.5,rtr-16,combined,Drop,0,0,0,0
27.5,rtr-17,combined,Drop,0,0,0,0
27.5,rtr-18,combined,Drop,0,0,0,0
27.5,rtr-19,combined,Drop,0,0,0,0
27.5,rtr-20,combined,Drop,0,0,0,0
27.5,rtr-21,combined,Drop,0,0,0,0
27.5,rtr-22,combined,Drop,0,0,0,0
27.5,rtr-23,combined,Drop,0,0,0,0
27.5,rtr-24,combined,Drop,0,0,0,0
27.5,rtr-25,combined,Drop,0,0,0,0
27.5,rtr-26,combined,Drop,0,0,0,0
27.5,rtr-27,combined,Drop,0,0,0,0
27.5,rtr-28,combined,Drop,0,0,0,0
27.5,rtr-29,combined,Drop,0,0,0,0
27.5,rtr-30,combined,Drop,0,0,0,0
27.5,rtr-31,combined,Drop,0,0,0,0
27.5,rtr-32,combined,Drop,0,0,0,0
27.5,rtr-33,combined,Drop,0,0,0,0
27.5,rtr-34,combined,Drop,0,0,0,0
27.5,rtr-35,combined,Drop,0,0,0,0
27.5,rtr-36,combined,Drop,0,0,0,0
27.5,rtr-37,combined,Drop,0,0,0,0
28,rtr-1,combined,Drop,0,0,0,0
28,rtr-2,combined,Drop,0,0,0,0
28,rtr-3,combined,Drop,0,0,0,0
28,rtr-4,combined,Drop,0,0,0,0
28,rtr-5,combined,Drop,0,0,0,0
28,rtr-6,combined,Drop,0,0,0,0
28,rtr-7,combined,Drop,0,0,0,0
28,rtr-8,combined,Drop,0,0,0,0
28,rtr-9,combined,Drop,0,0,0,0
28,rtr-10,combined,Drop,0,0,0,0
28,rtr-11,combined,Drop,0,0,0,0
28,rtr-12,combined,Drop,0,0,0,0
28,rtr-13,combined,Drop,0,0,0,0
28,rtr-14,combined,Drop,0,0,0,0
28,rtr-15,combined,Drop,0,0,0,0
28,rtr-16,combined,Drop,0,0,0,0
28,rtr-17,combined,Drop,0,0,0,0
28,rtr-18,combined,Drop,0,0,0,0
28,rtr-19,combined,Drop,0,0,0,0
28,rtr-20,combined,Drop,0,0,0,0
28,rtr-21,combined,Drop,0,0,0,0
28,rtr-22,combined,Drop,0,0,0,0
28,rtr-23,combined,Drop,0,0,0,0
28,rtr-24,combined,Drop,0,0,0,0
28,rtr-25,combined,Drop,0,0,0,0
28,rtr-26,combined,Drop,0,0,0,0
28,rtr-27,combined,Drop,0,0,0,0
28,rtr-28,combined,Drop,0,0,0,0
28,rtr-29,combined,Drop,0,0,0,0
28,rtr-30,combined,Drop,0,0,0,0
28,rtr-31,combined,Drop,0,0,0,0
28,rtr-32,combined,Drop,0,0,0,0
28,rtr-33,combined,Drop,0,0,0,0
28,rtr-34,combined,Drop,0,0,0,0
28,rtr-35,combined,Drop,0,0,0,0
28,rtr-36,combined,Drop,0,0,0,0
28,rtr-37,combined,Drop,0,0,0,0
28.5,rtr-1,combined,Drop,0,0,0,0
28.5,rtr-2,combined,Drop,0,0,0,0
28.5,rtr-3,combined,Drop,0,0,0,0
28.5,rtr-4,combined,Drop,0,0,0,0
28.5,rtr-5,combined,Drop,0,0,0,0
28.5,rtr-6,combined,Drop,0,0,0,0
28.5,rtr-7,combined,Drop,0,0,0,0
28.5,rtr-8,combined,Drop,0,0,0,0
28.5,rtr-9,combined,Drop,0,0,0,0
28.5,rtr-10,combined,Drop,0,0,0,0
28.5,rtr-11,combined,Drop,0,0,0,0
28.5,rtr-12,combined,Drop,0,0,0,0
28.5,rtr-13,combined,Drop,0,0,0,0
28.5,rtr-14,combined,Drop,0,0,0,0
28.5,rtr-15,combined,Drop,0,0,0,0
28.5,rtr-16,combined,Drop,0,0,0,0
28.5,rtr-17,combined,Drop,0,0,0,0
28.5,rtr-18,combined,Drop,0,0,0,0
28.5,rtr-19,combined,Drop,0,0,0,0
28.5,rtr-20,combined,Drop,0,0,0,0
28.5,rtr-21,combined,Drop,0,0,0,0
28.5,rtr-22,combined,Drop,0,0,0,0
28.5,rtr-23,combined,Drop,0,0,0,0
28.5,rtr-24,combined,Drop,0,0,0,0
28.5,rtr-25,combined,Drop,0,0,0,0
28.5,rtr-26,combined,Drop,0,0,0,0
28.5,rtr-27,combined,Drop,0,0,0,0
28.5,rtr-28,combined,Drop,0,0,0,0
28.5,rtr-29,combined,Drop,0,0,0,0
28.5,rtr-30,combined,Drop,0,0,0,0
28.5,rtr-31,combined,Drop,0,0,0,0
28.5,rtr-32,combined,Drop,0,0,0,0
28.5,rtr-33,combined,Drop,0,0,0,0
28.5,rtr-34,combined,Drop,0,0,0,0
28.5,rtr-35,combined,Drop,0,0,0,0
28.5,rtr-36,combined,Drop,0,0,0,0
28.5,rtr-37,combined,Drop,0,0,0,0
29,rtr-1,combined,Drop,0,0,0,0
29,rtr-2,combined,Drop,0,0,0,0
29,rtr-3,combined,Drop,0,0,0,0
29,rtr-4,combined,Drop,0,0,0,0
29,rtr-5,combined,Drop,0,0,0,0
29,rtr-6,combined,Drop,0,0,0,0
29,rtr-7,combined,Drop,0,0,0,0
29,rtr-8,combined,Drop,0,0,0,0
29,rtr-9,combined,Drop,0,0,0,0
29,rtr-10,combined,Drop,0,0,0,0
29,rtr-11,combined,Drop,0,0,0,0
29,rtr-12,combined,Drop,0,0,0,0
29,rtr-13,combined,Drop,0,0,0,0
29,rtr-14,combined,Drop,0,0,0,0
29,rtr-15,combined,Drop,0,0,0,0
29,rtr-16,combined,Drop,0,0,0,0
29,rtr-17,combined,Drop,0,0,0,0
29,rtr-18,combined,Drop,0,0,0,0
29,rtr-19,combined,Drop,0,0,0,0
29,rtr-20,combined,Drop,0,0,0,0
29,rtr-21,combined,Drop,0,0,0,0
29,rtr-22,combined,Drop,0,0,0,0
29,rtr-23,combined,Drop,0,0,0,0
29,rtr-24,combined,Drop,0,0,0,0
29,rtr-25,combined,Drop,0,0,0,0
29,rtr-26,combined,Drop,0,0,0,0
29,rtr-27,combined,Drop,0,0,0,0
29,rtr-28,combined,Drop,0,0,0,0
29,rtr-29,combined,Drop,0,0,0,0
29,rtr-30,combined,Drop,0,0,0,0
29,rtr-31,combined,Drop,0,0,0,0
29,rtr-32,combined,Drop,0,0,0,0
29,rtr-33,combined,Drop,0,0,0,0
29,rtr-34,combined,Drop,0,0,0,0
29,rtr-35,combined,Drop,0,0,0,0
29,rtr-36,combined,Drop,0,0,0,0
29,rtr-37,combined,Drop,0,0,0,0
29.5,rtr-1,combined,Drop,0,0,0,0
29.5,rtr-2,combined,Drop,0,0,0,0
29.5,rtr-3,combined,Drop,0,0,0,0
29.5,rtr-4,combined,Drop,0,0,0,0
29.5,rtr-5,combined,Drop,0,0,0,0
29.5,rtr-6,combined,Drop,0,0,0,0
29.5,rtr-7,combined,Drop,0,0,0,0
29.5,rtr-8,combined,Drop,0,0,0,0
29.5,rtr-9,combined,Drop,0,0,0,0
29.5,rtr-10,combined,Drop,0,0,0,0
29.5,rtr-11,combined,Drop,0,0,0,0
29.5,rtr-12,combined,Drop,0,0,0,0
29.5,rtr-13,combined,Drop,0,0,0,0
29.5,rtr-14,combined,Drop,0,0,0,0
29.5,rtr-15,combined,Drop,0,0,0,0
29.5,rtr-16,combined,Drop,0,0,0,0
29.5,rtr-17,combined,Drop,0,0,0,0
29.5,rtr-18,combined,Drop,0,0,0,0
29.5,rtr-19,combined,Drop,0,0,0,0
29.5,rtr-20,combined,Drop,0,0,0,0
29.5,rtr-21,combined,Drop,0,0,0,0
29.5,rtr-22,combined,Drop,0,0,0,0
29.5,rtr-23,combined,Drop,0,0,0,0
29.5,rtr-24,combined,Drop,0,0,0,0
29.5,rtr-25,combined,Drop,0,0,0,0
29.5,rtr-26,combined,Drop,0,0,0,0
29.5,rtr-27,combined,Drop,0,0,0,0
29.5,rtr-28,combined,Drop,0,0,0,0
29.5,rtr-29,combined,Drop,0,0,0,0
29.5,rtr-30,combined,Drop,0,0,0,0
29.5,rtr-31,combined,Drop,0,0,0,0
29.5,rtr-32,combined,Drop,0,0,0,0
29.5,rtr-33,combined,Drop,0,0,0,0
29.5,rtr-34,combined,Drop,0,0,0,0
29.5,rtr-35,combined,Drop,0,0,0,0
29.5,rtr-36,combined,Drop,0,0,0,0
29.5,rtr-37,combined,Drop,0,0,0,0
